EstS,AccX,AccY,AccZ,GyroX,GyroY,GyroZ,Temperature,FrameType
3267.206113558,-0.196,0.046,0.983,-0.671,-16.846,0.671,0.0,N/A
3267.223045484,-0.196,0.046,0.983,-0.427,-11.902,0.427,0.0,N/A
3267.236728865,-0.196,0.046,0.983,-0.305,-7.874,0.183,0.0,N/A
3267.241819263,-0.196,0.046,0.983,-0.122,-3.906,0.0,0.0,N/A
3267.254748111,-0.196,0.046,0.983,0.061,1.465,-0.183,0.0,N/A
3267.264654453,-0.196,0.046,0.983,0.244,5.798,-0.366,0.0,N/A
3267.274652086,-0.196,0.046,0.983,0.427,10.62,-0.427,0.0,N/A
3267.28463776,-0.136,0.044,0.989,0.61,15.015,-0.793,0.0,N/A
3267.295635214,-0.136,0.044,0.989,0.793,19.348,-1.038,0.0,N/A
3267.30563343,-0.136,0.044,0.989,0.977,23.56,-1.221,0.0,N/A
3267.315633979,-0.136,0.044,0.989,1.099,27.893,-1.404,0.0,N/A
3267.325632778,-0.136,0.044,0.989,1.343,32.898,-1.709,0.0,N/A
3267.336593483,-0.136,0.044,0.989,1.587,37.476,-1.953,0.0,N/A
3267.34665149,-0.136,0.044,0.989,1.77,41.809,-2.197,0.0,N/A
3267.356711247,-0.136,0.044,0.989,1.953,45.776,-2.441,0.0,N/A
3267.36664063,-0.136,0.044,0.989,2.075,49.316,-2.625,0.0,N/A
3267.377629626,-0.136,0.044,0.989,2.136,51.636,-2.747,0.0,N/A
3267.3876293,-0.136,0.044,0.989,2.258,53.04,-2.869,0.0,N/A
3267.397676807,-0.136,0.044,0.989,2.197,53.284,-2.869,0.0,N/A
3267.407669773,-0.136,0.044,0.989,2.136,51.453,-2.686,0.0,N/A
3267.418629894,-0.135,0.044,0.988,1.77,46.631,-2.014,0.0,N/A
3267.428635985,-0.135,0.044,0.988,1.465,39.49,-1.282,0.0,N/A
3267.438648492,-0.135,0.044,0.988,1.16,30.701,-0.671,0.0,N/A
3267.448644667,-0.135,0.044,0.988,0.732,19.104,0.0,0.0,N/A
3267.458663007,-0.135,0.044,0.988,0.122,7.141,0.244,0.0,N/A
3267.469659295,-0.135,0.044,0.988,-0.366,-4.578,0.488,0.0,N/A
3267.479650219,-0.135,0.044,0.988,-0.671,-14.465,0.549,0.0,N/A
3267.489701226,-0.135,0.044,0.988,-0.732,-22.644,0.488,0.0,N/A
3267.499658317,-0.135,0.044,0.988,-0.854,-30.518,0.671,0.0,N/A
3267.510638272,-0.135,0.044,0.988,-1.16,-37.354,1.221,0.0,N/A
3267.520639988,-0.135,0.044,0.988,-1.526,-43.335,1.709,0.0,N/A
3267.530633828,-0.135,0.044,0.988,-1.831,-47.729,2.075,0.0,N/A
3267.540594711,-0.238,0.046,0.977,-2.014,-50.659,2.197,0.0,N/A
3267.551637957,-0.238,0.046,0.977,-2.075,-51.941,2.258,0.0,N/A
3267.561666214,-0.238,0.046,0.977,-2.136,-52.063,2.319,0.0,N/A
3267.57164168,-0.238,0.046,0.977,-2.136,-51.025,2.319,0.0,N/A
3267.581641646,-0.238,0.046,0.977,-2.014,-48.34,2.258,0.0,N/A
3267.592630933,-0.238,0.046,0.977,-1.892,-44.495,2.136,0.0,N/A
3267.602684274,-0.238,0.046,0.977,-1.709,-39.429,1.892,0.0,N/A
3267.612629115,-0.238,0.046,0.977,-1.404,-33.203,1.587,0.0,N/A
3267.622631998,-0.238,0.046,0.977,-1.038,-25.208,1.343,0.0,N/A
3267.632635464,-0.238,0.046,0.977,-0.732,-17.029,0.793,0.0,N/A
3267.643631751,-0.238,0.046,0.977,-0.366,-8.301,0.305,0.0,N/A
3267.65369005,-0.238,0.046,0.977,0.0,0.671,-0.061,0.0,N/A
3267.663678349,-0.238,0.046,0.977,0.366,9.705,-0.549,0.0,N/A
3267.673672481,-0.181,0.045,0.983,0.793,19.226,-1.038,0.0,N/A
3267.684652436,-0.181,0.045,0.983,1.16,27.039,-1.465,0.0,N/A
3267.694640152,-0.181,0.045,0.983,1.465,33.813,-1.831,0.0,N/A
3267.704657909,-0.181,0.045,0.983,1.709,39.246,-2.197,0.0,N/A
3267.714636584,-0.181,0.045,0.983,1.892,43.457,-2.258,0.0,N/A
3267.724635383,-0.181,0.045,0.983,2.014,45.41,-2.625,0.0,N/A
3267.735632545,-0.181,0.045,0.983,2.014,45.227,-2.625,0.0,N/A
3267.745644469,-0.181,0.045,0.983,1.892,42.786,-2.441,0.0,N/A
3267.755637435,-0.181,0.045,0.983,1.648,37.903,-1.953,0.0,N/A
3267.765671526,-0.181,0.045,0.983,1.404,31.799,-1.77,0.0,N/A
3267.776637189,-0.181,0.045,0.983,1.038,24.536,-1.404,0.0,N/A
3267.786625779,-0.181,0.045,0.983,0.732,16.479,-0.977,0.0,N/A
3267.796633329,-0.142,0.045,0.986,0.366,8.118,-0.549,0.0,N/A
3267.807626116,-0.142,0.045,0.986,0.0,-0.916,-0.122,0.0,N/A
3267.817584082,-0.142,0.045,0.986,-0.305,-8.606,0.183,0.0,N/A
3267.827650256,-0.142,0.045,0.986,-0.549,-15.503,0.549,0.0,N/A
3267.837632722,-0.142,0.045,0.986,-0.793,-21.545,0.793,0.0,N/A
3267.847644938,-0.142,0.045,0.986,-1.038,-27.222,1.099,0.0,N/A
3267.858650558,-0.142,0.045,0.986,-1.221,-31.677,1.343,0.0,N/A
3267.868642066,-0.142,0.045,0.986,-1.404,-35.4,1.526,0.0,N/A
3267.878624532,-0.142,0.045,0.986,-1.526,-38.391,1.709,0.0,N/A
3267.888631206,-0.142,0.045,0.986,-1.709,-40.71,1.831,0.0,N/A
3267.899677951,-0.142,0.045,0.986,-1.77,-41.504,1.953,0.0,N/A
3267.909624543,-0.142,0.045,0.986,-1.77,-40.894,1.953,0.0,N/A
3267.919655133,-0.21,0.046,0.983,-1.648,-38.94,1.892,0.0,N/A
3267.929631766,-0.21,0.046,0.983,-1.465,-35.217,1.77,0.0,N/A
3267.940646137,-0.21,0.046,0.983,-1.282,-30.334,1.526,0.0,N/A
3267.950576395,-0.21,0.046,0.983,-1.038,-24.109,1.221,0.0,N/A
3267.960631194,-0.21,0.046,0.983,-0.732,-16.418,0.854,0.0,N/A
3267.970633201,-0.21,0.046,0.983,-0.244,-6.592,0.488,0.0,N/A
3267.981854361,-0.21,0.046,0.983,0.122,2.991,-0.183,0.0,N/A
3267.992358613,-0.21,0.046,0.983,0.549,12.573,-0.671,0.0,N/A
3268.002722574,-0.21,0.046,0.983,0.977,22.339,-1.221,0.0,N/A
3268.012905121,-0.21,0.046,0.983,1.282,30.09,-1.648,0.0,N/A
3268.022856088,-0.21,0.046,0.983,1.587,37.17,-2.075,0.0,N/A
3268.033880083,-0.21,0.046,0.983,1.831,42.175,-2.38,0.0,N/A
3268.043836591,-0.21,0.046,0.983,2.014,45.593,-2.563,0.0,N/A
3268.05384414,-0.131,0.044,0.987,2.075,47.119,-2.747,0.0,N/A
3268.063889606,-0.131,0.044,0.987,2.014,46.326,-2.686,0.0,N/A
3268.074860227,-0.131,0.044,0.987,1.892,43.396,-2.502,0.0,N/A
3268.084847068,-0.131,0.044,0.987,1.709,38.33,-2.197,0.0,N/A
3268.094843534,-0.131,0.044,0.987,1.404,31.433,-1.77,0.0,N/A
3268.104840875,-0.131,0.044,0.987,0.977,22.034,-1.282,0.0,N/A
3268.115832204,-0.131,0.044,0.987,0.549,12.512,-0.793,0.0,N/A
3268.126089708,-0.131,0.044,0.987,0.183,2.686,-0.305,0.0,N/A
3268.136042133,-0.131,0.044,0.987,-0.244,-8.118,0.183,0.0,N/A
3268.147136128,-0.131,0.044,0.987,-0.671,-17.395,0.671,0.0,N/A
3268.156852013,-0.131,0.044,0.987,-1.038,-25.574,1.099,0.0,N/A
3268.166718106,-0.131,0.044,0.987,-1.343,-33.02,1.587,0.0,N/A
3268.177652269,-0.182,0.045,0.985,-1.587,-38.33,1.709,0.0,N/A
3268.187639985,-0.182,0.045,0.985,-1.77,-42.236,1.892,0.0,N/A
3268.197662409,-0.182,0.045,0.985,-1.892,-44.556,2.014,0.0,N/A
3268.207633792,-0.182,0.045,0.985,-1.953,-45.105,2.136,0.0,N/A
3268.21867937,-0.182,0.045,0.985,-1.892,-43.518,2.136,0.0,N/A
3268.228749044,-0.182,0.045,0.985,-1.77,-39.978,2.075,0.0,N/A
3268.238744343,-0.182,0.045,0.985,-1.526,-34.546,1.831,0.0,N/A
3268.248695893,-0.182,0.045,0.985,-1.16,-26.306,1.465,0.0,N/A
3268.259688972,-0.182,0.045,0.985,-0.732,-16.785,0.977,0.0,N/A
3268.269684563,-0.182,0.045,0.985,-0.244,-5.615,0.366,0.0,N/A
3268.27971807,-0.182,0.045,0.985,0.183,6.348,-0.244,0.0,N/A
3268.289686536,-0.182,0.045,0.985,0.793,19.653,-0.977,0.0,N/A
3268.300724823,-0.168,0.045,0.986,1.282,31.189,-1.587,0.0,N/A
3268.310692123,-0.168,0.045,0.986,1.77,41.687,-2.197,0.0,N/A
3268.320668464,-0.168,0.045,0.986,2.197,50.781,-2.747,0.0,N/A
3268.330691763,-0.168,0.045,0.986,2.563,58.594,-3.174,0.0,N/A
3268.34170205,-0.168,0.045,0.986,2.747,63.354,-3.54,0.0,N/A
3268.351687141,-0.168,0.045,0.986,2.869,65.674,-3.662,0.0,N/A
3268.361693232,-0.168,0.045,0.986,2.808,65.247,-3.662,0.0,N/A
3268.371685031,-0.168,0.045,0.986,2.625,61.279,-3.357,0.0,N/A
3268.38270261,-0.168,0.045,0.986,2.258,53.223,-2.502,0.0,N/A
3268.392680701,-0.168,0.045,0.986,1.648,41.565,-1.587,0.0,N/A
3268.402681251,-0.168,0.045,0.986,1.099,27.71,-0.916,0.0,N/A
3268.412685008,-0.168,0.045,0.986,0.427,10.864,-0.427,0.0,N/A
3268.42368217,-0.168,0.045,0.986,-0.061,-4.517,-0.061,0.0,N/A
3268.433692345,-0.158,0.045,0.984,-0.488,-18.921,0.183,0.0,N/A
3268.443707185,-0.158,0.045,0.984,-0.977,-32.41,0.793,0.0,N/A
3268.453715609,-0.158,0.045,0.984,-1.648,-46.082,1.831,0.0,N/A
3268.464683605,-0.158,0.045,0.984,-2.197,-56.274,2.319,0.0,N/A
3268.474648863,-0.158,0.045,0.984,-2.625,-63.843,2.686,0.0,N/A
3268.484685579,-0.158,0.045,0.984,-2.869,-68.909,3.052,0.0,N/A
3268.49468292,-0.158,0.045,0.984,-3.052,-71.594,3.296,0.0,N/A
3268.504723718,-0.158,0.045,0.984,-3.113,-71.594,3.418,0.0,N/A
3268.515680631,-0.158,0.045,0.984,-2.991,-68.787,3.418,0.0,N/A
3268.525685264,-0.158,0.045,0.984,-2.747,-63.293,3.235,0.0,N/A
3268.535643814,-0.158,0.045,0.984,-2.502,-55.115,2.869,0.0,N/A
3268.545712904,-0.158,0.045,0.984,-2.014,-43.335,2.319,0.0,N/A
3268.556685566,-0.226,0.046,0.98,-1.404,-30.518,1.648,0.0,N/A
3268.566760781,-0.226,0.046,0.98,-0.793,-16.602,0.977,0.0,N/A
3268.576693956,-0.226,0.046,0.98,-0.061,-2.014,0.244,0.0,N/A
3268.586764505,-0.226,0.046,0.98,0.61,13.916,-0.366,0.0,N/A
3268.598148413,-0.226,0.046,0.98,1.282,27.344,-1.343,0.0,N/A
3268.608039296,-0.226,0.046,0.98,1.831,39.246,-2.136,0.0,N/A
3268.618020012,-0.226,0.046,0.98,2.197,48.828,-2.747,0.0,N/A
3268.627878522,-0.226,0.046,0.98,2.502,56.152,-3.174,0.0,N/A
3268.638902225,-0.226,0.046,0.98,2.686,60.303,-3.418,0.0,N/A
3268.649077189,-0.226,0.046,0.98,2.747,61.951,-3.54,0.0,N/A
3268.659052947,-0.226,0.046,0.98,2.747,60.669,-3.418,0.0,N/A
3268.668998955,-0.226,0.046,0.98,2.502,55.969,-3.052,0.0,N/A
3268.680305572,-0.226,0.046,0.98,2.197,48.95,-2.625,0.0,N/A
3268.690119457,-0.105,0.044,0.986,1.77,39.734,-2.136,0.0,N/A
3268.699974175,-0.105,0.044,0.986,1.282,28.809,-1.587,0.0,N/A
3268.709978515,-0.105,0.044,0.986,0.732,15.381,-0.916,0.0,N/A
3268.721148343,-0.105,0.044,0.986,0.122,2.563,-0.244,0.0,N/A
3268.731161433,-0.105,0.044,0.986,-0.366,-9.888,0.305,0.0,N/A
3268.74097211,-0.105,0.044,0.986,-0.854,-21.545,0.854,0.0,N/A
3268.751058408,-0.105,0.044,0.986,-1.343,-33.02,1.404,0.0,N/A
3268.760794127,-0.105,0.044,0.986,-1.709,-41.992,1.831,0.0,N/A
3268.772010495,-0.105,0.044,0.986,-2.075,-49.438,2.197,0.0,N/A
3268.781996003,-0.105,0.044,0.986,-2.319,-54.993,2.502,0.0,N/A
3268.791900303,-0.105,0.044,0.986,-2.563,-58.533,2.747,0.0,N/A
3268.802902424,-0.105,0.044,0.986,-2.563,-59.265,2.869,0.0,N/A
3268.812885765,-0.209,0.046,0.985,-2.502,-57.556,2.93,0.0,N/A
3268.823021062,-0.209,0.046,0.985,-2.38,-53.345,2.747,0.0,N/A
3268.832945488,-0.209,0.046,0.985,-2.075,-45.715,2.441,0.0,N/A
3268.843876442,-0.209,0.046,0.985,-1.709,-36.438,1.953,0.0,N/A
3268.854671774,-0.209,0.046,0.985,-1.221,-25.513,1.465,0.0,N/A
3268.864428201,-0.209,0.046,0.985,-0.671,-13.55,1.038,0.0,N/A
3268.873619093,-0.209,0.046,0.985,-0.061,0.244,0.549,0.0,N/A
3268.884654172,-0.209,0.046,0.985,0.488,12.695,0.122,0.0,N/A
3268.894643929,-0.209,0.046,0.985,1.038,24.536,-0.305,0.0,N/A
3268.90463952,-0.209,0.046,0.985,1.526,35.339,-1.038,0.0,N/A
3268.914637445,-0.209,0.046,0.985,2.014,45.654,-2.014,0.0,N/A
3268.925645982,-0.209,0.046,0.985,2.319,52.856,-2.686,0.0,N/A
3268.935648281,-0.123,0.044,0.987,2.563,57.617,-3.113,0.0,N/A
3268.945596039,-0.123,0.044,0.987,2.686,59.937,-3.357,0.0,N/A
3268.955645004,-0.123,0.044,0.987,2.625,59.204,-3.418,0.0,N/A
3268.966649167,-0.123,0.044,0.987,2.502,55.176,-3.235,0.0,N/A
3268.976652924,-0.123,0.044,0.987,2.136,47.974,-2.747,0.0,N/A
3268.986674765,-0.123,0.044,0.987,1.709,38.025,-2.136,0.0,N/A
3268.996648189,-0.123,0.044,0.987,1.099,24.78,-1.282,0.0,N/A
3269.007668102,-0.123,0.044,0.987,0.549,11.353,-0.732,0.0,N/A
3269.01763511,-0.123,0.044,0.987,0.0,-2.441,0.0,0.0,N/A
3269.027938988,-0.123,0.044,0.987,-0.61,-15.869,0.61,0.0,N/A
3269.03827845,-0.123,0.044,0.987,-1.099,-28.076,1.221,0.0,N/A
3269.049071449,-0.123,0.044,0.987,-1.587,-39.551,1.77,0.0,N/A
3269.058894083,-0.123,0.044,0.987,-2.014,-48.157,2.197,0.0,N/A
3269.068889091,-0.171,0.045,0.987,-2.38,-54.443,2.625,0.0,N/A
3269.078892557,-0.171,0.045,0.987,-2.563,-58.228,3.052,0.0,N/A
3269.089022604,-0.171,0.045,0.987,-2.563,-58.655,2.991,0.0,N/A
3269.100035808,-0.171,0.045,0.987,-2.441,-56.274,2.93,0.0,N/A
3269.114541096,-0.171,0.045,0.987,-2.319,-50.842,2.747,0.0,N/A
3269.119763451,-0.171,0.045,0.987,-1.953,-41.443,2.319,0.0,N/A
3269.130930487,-0.171,0.045,0.987,-1.404,-30.212,1.709,0.0,N/A
3269.140968077,-0.171,0.045,0.987,-0.793,-17.456,0.977,0.0,N/A
3269.151112125,-0.171,0.045,0.987,-0.061,-2.563,0.183,0.0,N/A
3269.166249739,-0.171,0.045,0.987,0.488,11.108,-0.488,0.0,N/A
3269.171979296,-0.171,0.045,0.987,1.099,24.231,-1.099,0.0,N/A
3269.182029303,-0.171,0.045,0.987,1.648,36.316,-1.709,0.0,N/A
3269.193545043,-0.153,0.045,0.986,2.075,47.913,-2.38,0.0,N/A
3269.202770351,-0.153,0.045,0.986,2.441,56.641,-2.869,0.0,N/A
3269.212731943,-0.153,0.045,0.986,2.747,63.599,-3.357,0.0,N/A
3269.222692909,-0.153,0.045,0.986,2.991,68.359,-3.723,0.0,N/A
3269.232955955,-0.153,0.045,0.986,3.113,70.496,-3.967,0.0,N/A
3269.242686132,-0.153,0.045,0.986,3.052,69.519,-3.906,0.0,N/A
3269.253679212,-0.153,0.045,0.986,2.869,65.308,-3.601,0.0,N/A
3269.263710385,-0.153,0.045,0.986,2.502,57.922,-3.052,0.0,N/A
3269.273681768,-0.153,0.045,0.986,2.014,46.753,-2.197,0.0,N/A
3269.283692526,-0.153,0.045,0.986,1.404,32.776,-1.343,0.0,N/A
3269.293684908,-0.153,0.045,0.986,0.732,17.151,-0.732,0.0,N/A
3269.303683999,-0.153,0.045,0.986,0.061,1.404,-0.305,0.0,N/A
3269.31368834,-0.153,0.045,0.986,-0.366,-13.977,0.061,0.0,N/A
3269.323673723,-0.152,0.045,0.984,-0.916,-28.992,0.793,0.0,N/A
3269.333640439,-0.152,0.045,0.984,-1.648,-44.739,1.77,0.0,N/A
3269.343703696,-0.152,0.045,0.984,-2.258,-57.19,2.502,0.0,N/A
3269.354675775,-0.152,0.045,0.984,-2.747,-67.2,3.113,0.0,N/A
3269.364708991,-0.152,0.045,0.984,-3.174,-74.585,3.479,0.0,N/A
3269.37467279,-0.152,0.045,0.984,-3.479,-79.285,3.845,0.0,N/A
3269.384725547,-0.152,0.045,0.984,-3.54,-80.444,4.028,0.0,N/A
3269.39469693,-0.152,0.045,0.984,-3.418,-77.881,3.967,0.0,N/A
3269.404652855,-0.152,0.045,0.984,-3.235,-71.777,3.784,0.0,N/A
3269.414676445,-0.152,0.045,0.984,-2.93,-62.378,3.357,0.0,N/A
3269.424678453,-0.152,0.045,0.984,-2.258,-49.072,2.625,0.0,N/A
3269.434688627,-0.152,0.045,0.984,-1.648,-35.339,1.831,0.0,N/A
3269.445686373,-0.214,0.046,0.983,-0.916,-20.996,1.038,0.0,N/A
3269.455688672,-0.214,0.046,0.983,-0.244,-6.714,0.183,0.0,N/A
3269.465630013,-0.214,0.046,0.983,0.366,6.592,-0.549,0.0,N/A
3269.475677812,-0.214,0.046,0.983,0.916,18.372,-1.221,0.0,N/A
3269.485676903,-0.214,0.046,0.983,1.404,28.198,-1.77,0.0,N/A
3269.495629619,-0.214,0.046,0.983,1.77,35.889,-2.197,0.0,N/A
3269.505686168,-0.214,0.046,0.983,2.014,41.26,-2.502,0.0,N/A
3269.515682925,-0.214,0.046,0.983,2.136,44.373,-2.686,0.0,N/A
3269.525677058,-0.214,0.046,0.983,2.075,44.25,-2.563,0.0,N/A
3269.535683149,-0.214,0.046,0.983,1.892,41.504,-2.319,0.0,N/A
3269.546695769,-0.214,0.046,0.983,1.587,37.17,-2.014,0.0,N/A
3269.556727526,-0.214,0.046,0.983,1.343,31.982,-1.648,0.0,N/A
3269.566750534,-0.214,0.046,0.983,1.038,27.1,-1.282,0.0,N/A
3269.576679042,-0.091,0.043,0.987,0.854,23.743,-1.038,0.0,N/A
3269.586639633,-0.091,0.043,0.987,0.793,22.644,-1.038,0.0,N/A
3269.596681015,-0.091,0.043,0.987,0.916,23.438,-1.099,0.0,N/A
3269.606697023,-0.091,0.043,0.987,1.038,25.452,-1.282,0.0,N/A
3269.616756196,-0.091,0.043,0.987,1.16,27.893,-1.465,0.0,N/A
3269.626700163,-0.091,0.043,0.987,1.282,30.212,-1.709,0.0,N/A
3269.637704908,-0.091,0.043,0.987,1.404,31.616,-1.892,0.0,N/A
3269.647723541,-0.091,0.043,0.987,1.404,31.494,-1.892,0.0,N/A
3269.657677715,-0.091,0.043,0.987,1.343,29.541,-1.77,0.0,N/A
3269.66768439,-0.091,0.043,0.987,1.16,25.635,-1.587,0.0,N/A
3269.677714397,-0.091,0.043,0.987,0.916,19.592,-1.221,0.0,N/A
3269.68769103,-0.091,0.043,0.987,0.61,11.78,-0.793,0.0,N/A
3269.697703537,-0.171,0.045,0.988,0.183,1.77,-0.122,0.0,N/A
3269.707639337,-0.171,0.045,0.988,-0.183,-8.179,0.122,0.0,N/A
3269.718751415,-0.171,0.045,0.988,-0.671,-18.311,0.671,0.0,N/A
3269.728684881,-0.171,0.045,0.988,-1.099,-27.466,1.16,0.0,N/A
3269.738712555,-0.171,0.045,0.988,-1.404,-34.912,1.587,0.0,N/A
3269.748690063,-0.171,0.045,0.988,-1.648,-40.344,1.831,0.0,N/A
3269.758742237,-0.171,0.045,0.988,-1.831,-43.823,2.014,0.0,N/A
3269.768714786,-0.171,0.045,0.988,-1.953,-45.105,2.136,0.0,N/A
3269.778677711,-0.171,0.045,0.988,-1.953,-44.128,2.136,0.0,N/A
3269.788682051,-0.171,0.045,0.988,-1.77,-40.71,2.136,0.0,N/A
3269.798677059,-0.171,0.045,0.988,-1.526,-36.072,1.709,0.0,N/A
3269.808696858,-0.171,0.045,0.988,-1.221,-30.457,1.343,0.0,N/A
3269.819672729,-0.171,0.045,0.988,-0.916,-24.475,0.916,0.0,N/A
3269.829699528,-0.207,0.046,0.983,-0.671,-19.104,0.61,0.0,N/A
3269.839695702,-0.207,0.046,0.983,-0.488,-14.893,0.366,0.0,N/A
3269.849713168,-0.207,0.046,0.983,-0.366,-11.963,0.244,0.0,N/A
3269.859742008,-0.207,0.046,0.983,-0.305,-10.071,0.183,0.0,N/A
3269.869683642,-0.207,0.046,0.983,-0.305,-9.033,0.183,0.0,N/A
3269.879688274,-0.207,0.046,0.983,-0.305,-8.301,0.244,0.0,N/A
3269.889671323,-0.207,0.046,0.983,-0.244,-7.08,0.183,0.0,N/A
3269.900680152,-0.207,0.046,0.983,-0.183,-5.371,0.122,0.0,N/A
3269.91066466,-0.207,0.046,0.983,-0.122,-2.991,0.061,0.0,N/A
3269.920694959,-0.207,0.046,0.983,0.0,0.061,0.0,0.0,N/A
3269.930671883,-0.207,0.046,0.983,0.122,3.967,-0.183,0.0,N/A
3269.94074039,-0.207,0.046,0.983,0.366,8.362,-0.427,0.0,N/A
3269.950681732,-0.13,0.044,0.989,0.549,13.062,-0.671,0.0,N/A
3269.960658948,-0.13,0.044,0.989,0.732,17.761,-0.916,0.0,N/A
3269.970680205,-0.13,0.044,0.989,0.916,22.888,-0.977,0.0,N/A
3269.980680171,-0.13,0.044,0.989,1.16,27.344,-1.404,0.0,N/A
3269.99168025,-0.13,0.044,0.989,1.343,31.25,-1.709,0.0,N/A
3270.001681674,-0.13,0.044,0.989,1.465,34.18,-1.892,0.0,N/A
3270.011677848,-0.13,0.044,0.989,1.587,35.522,-2.075,0.0,N/A
3270.021678398,-0.13,0.044,0.989,1.587,34.973,-2.014,0.0,N/A
3270.031750404,-0.13,0.044,0.989,1.465,32.471,-1.892,0.0,N/A
3270.041677163,-0.13,0.044,0.989,1.221,28.259,-1.648,0.0,N/A
3270.051755586,-0.13,0.044,0.989,0.977,22.766,-1.343,0.0,N/A
3270.061694011,-0.13,0.044,0.989,0.671,15.625,-0.732,0.0,N/A
3270.071689893,-0.13,0.044,0.989,0.366,8.972,-0.488,0.0,N/A
3270.081676151,-0.139,0.045,0.989,0.061,2.869,-0.183,0.0,N/A
3270.092697522,-0.139,0.045,0.989,-0.061,-2.197,0.0,0.0,N/A
3270.102744737,-0.139,0.045,0.989,-0.244,-6.104,0.183,0.0,N/A
3270.112672662,-0.139,0.045,0.989,-0.366,-8.911,0.305,0.0,N/A
3270.122669711,-0.139,0.045,0.989,-0.427,-10.681,0.366,0.0,N/A
3270.132667344,-0.139,0.045,0.989,-0.427,-11.78,0.366,0.0,N/A
3270.142757142,-0.139,0.045,0.989,-0.427,-12.573,0.366,0.0,N/A
3270.152704317,-0.139,0.045,0.989,-0.488,-13.672,0.488,0.0,N/A
3270.162680074,-0.139,0.045,0.989,-0.549,-15.625,0.427,0.0,N/A
3270.172721457,-0.139,0.045,0.989,-0.671,-18.494,0.61,0.0,N/A
3270.183673703,-0.139,0.045,0.989,-0.854,-21.973,0.854,0.0,N/A
3270.193664919,-0.139,0.045,0.989,-1.038,-25.757,1.099,0.0,N/A
3270.203751217,-0.189,0.046,0.986,-1.221,-29.358,1.343,0.0,N/A
3270.213681184,-0.189,0.046,0.986,-1.343,-32.532,1.526,0.0,N/A
3270.223663358,-0.189,0.046,0.986,-1.404,-34.79,1.587,0.0,N/A
3270.233747906,-0.189,0.046,0.986,-1.465,-36.072,1.648,0.0,N/A
3270.243696248,-0.189,0.046,0.986,-1.526,-36.499,1.709,0.0,N/A
3270.253707588,-0.189,0.046,0.986,-1.587,-35.461,1.709,0.0,N/A
3270.263754512,-0.189,0.046,0.986,-1.465,-33.203,1.587,0.0,N/A
3270.274745841,-0.189,0.046,0.986,-1.343,-29.846,1.404,0.0,N/A
3270.284668516,-0.189,0.046,0.986,-1.16,-25.696,1.221,0.0,N/A
3270.294744023,-0.189,0.046,0.986,-0.916,-20.447,0.977,0.0,N/A
3270.30466349,-0.189,0.046,0.986,-0.61,-14.16,0.61,0.0,N/A
3270.314702247,-0.189,0.046,0.986,-0.305,-7.019,0.244,0.0,N/A
3270.324738087,-0.189,0.046,0.986,0.0,0.61,-0.061,0.0,N/A
3270.334660762,-0.139,0.045,0.99,0.366,8.728,-0.488,0.0,N/A
3270.344688728,-0.139,0.045,0.99,0.793,17.517,-0.793,0.0,N/A
3270.355689099,-0.139,0.045,0.99,1.16,25.208,-1.404,0.0,N/A
3270.36566544,-0.139,0.045,0.99,1.526,32.043,-1.77,0.0,N/A
3270.375665406,-0.139,0.045,0.99,1.77,37.72,-2.136,0.0,N/A
3270.385707954,-0.139,0.045,0.99,1.892,41.809,-2.38,0.0,N/A
3270.395667087,-0.139,0.045,0.99,1.953,43.823,-2.502,0.0,N/A
3270.405667928,-0.139,0.045,0.99,1.892,43.945,-2.502,0.0,N/A
3270.415676644,-0.139,0.045,0.99,1.831,42.48,-2.441,0.0,N/A
3270.425631694,-0.139,0.045,0.99,1.709,38.94,-2.075,0.0,N/A
3270.435672492,-0.139,0.045,0.99,1.526,33.997,-1.892,0.0,N/A
3270.446669072,-0.139,0.045,0.99,1.221,27.71,-1.526,0.0,N/A
3270.456665829,-0.139,0.045,0.99,0.916,20.386,-1.16,0.0,N/A
3270.466675128,-0.107,0.044,0.989,0.549,12.268,-0.732,0.0,N/A
3270.476692011,-0.107,0.044,0.989,0.183,3.784,-0.305,0.0,N/A
3270.486670685,-0.107,0.044,0.989,-0.122,-4.395,0.0,0.0,N/A
3270.496694567,-0.107,0.044,0.989,-0.427,-12.146,0.366,0.0,N/A
3270.506667117,-0.107,0.044,0.989,-0.732,-19.043,0.732,0.0,N/A
3270.516688082,-0.107,0.044,0.989,-1.038,-25.513,1.16,0.0,N/A
3270.526673173,-0.107,0.044,0.989,-1.221,-30.334,1.221,0.0,N/A
3270.536666139,-0.107,0.044,0.989,-1.404,-33.936,1.465,0.0,N/A
3270.547626261,-0.107,0.044,0.989,-1.526,-36.011,1.648,0.0,N/A
3270.557665018,-0.107,0.044,0.989,-1.526,-36.499,1.709,0.0,N/A
3270.567668192,-0.107,0.044,0.989,-1.526,-35.339,1.709,0.0,N/A
3270.577681866,-0.107,0.044,0.989,-1.404,-32.471,1.648,0.0,N/A
3270.587589374,-0.179,0.046,0.99,-1.282,-27.527,1.465,0.0,N/A
3270.597719714,-0.179,0.046,0.99,-0.916,-19.836,1.221,0.0,N/A
3270.608745459,-0.179,0.046,0.99,-0.549,-11.353,0.549,0.0,N/A
3270.618694967,-0.179,0.046,0.99,-0.061,-1.77,0.0,0.0,N/A
3270.629041721,-0.179,0.046,0.99,0.427,9.155,-0.549,0.0,N/A
3270.640117049,-0.179,0.046,0.99,0.854,18.494,-1.16,0.0,N/A
3270.649800852,-0.179,0.046,0.99,1.221,26.245,-1.587,0.0,N/A
3270.65987315,-0.179,0.046,0.99,1.465,32.104,-1.953,0.0,N/A
3270.670064156,-0.179,0.046,0.99,1.587,35.95,-2.136,0.0,N/A
3270.679981289,-0.179,0.046,0.99,1.709,37.781,-2.258,0.0,N/A
3270.689981547,-0.179,0.046,0.99,1.709,37.354,-2.258,0.0,N/A
3270.701063583,-0.179,0.046,0.99,1.587,34.729,-2.136,0.0,N/A
3270.71107434,-0.179,0.046,0.99,1.343,30.09,-1.77,0.0,N/A
3270.720858475,-0.12,0.044,0.988,1.099,23.926,-1.404,0.0,N/A
3270.730855233,-0.12,0.044,0.988,0.793,16.418,-0.977,0.0,N/A
3270.741065488,-0.12,0.044,0.988,0.366,7.874,-0.549,0.0,N/A
3270.750972705,-0.12,0.044,0.988,0.0,-1.099,-0.061,0.0,N/A
3270.760923671,-0.12,0.044,0.988,-0.366,-10.01,0.305,0.0,N/A
3270.770875513,-0.12,0.044,0.988,-0.732,-18.25,0.732,0.0,N/A
3270.78090027,-0.12,0.044,0.988,-1.038,-25.574,1.038,0.0,N/A
3270.790890028,-0.12,0.044,0.988,-1.282,-32.41,1.404,0.0,N/A
3270.80201348,-0.12,0.044,0.988,-1.526,-37.781,1.709,0.0,N/A
3270.81200003,-0.12,0.044,0.988,-1.709,-42.053,1.892,0.0,N/A
3270.821903163,-0.12,0.044,0.988,-1.892,-45.166,2.075,0.0,N/A
3270.831894963,-0.12,0.044,0.988,-2.075,-46.997,2.258,0.0,N/A
3270.84189697,-0.174,0.045,0.99,-2.136,-46.997,2.319,0.0,N/A
3270.852010976,-0.174,0.045,0.99,-2.075,-44.983,2.258,0.0,N/A
3270.862028734,-0.174,0.045,0.99,-1.953,-41.138,2.014,0.0,N/A
3270.871986117,-0.174,0.045,0.99,-1.709,-35.889,1.77,0.0,N/A
3270.881894209,-0.174,0.045,0.99,-1.343,-29.236,1.404,0.0,N/A
3270.891896799,-0.174,0.045,0.99,-0.916,-20.63,1.099,0.0,N/A
3270.902024514,-0.174,0.045,0.99,-0.488,-12.268,0.427,0.0,N/A
3270.911802232,-0.174,0.045,0.99,-0.122,-3.845,0.0,0.0,N/A
3270.92267748,-0.174,0.045,0.99,0.183,3.967,-0.427,0.0,N/A
3270.93267482,-0.174,0.045,0.99,0.549,10.803,-0.793,0.0,N/A
3270.942734869,-0.174,0.045,0.99,0.793,16.235,-1.099,0.0,N/A
3270.952662211,-0.174,0.045,0.99,1.038,20.02,-1.343,0.0,N/A
3270.962683468,-0.174,0.045,0.99,1.099,22.034,-1.465,0.0,N/A
3270.972682559,-0.104,0.044,0.991,1.099,22.217,-1.465,0.0,N/A
3270.982698858,-0.104,0.044,0.991,1.038,20.386,-1.16,0.0,N/A
3270.992677824,-0.104,0.044,0.991,0.854,17.029,-1.099,0.0,N/A
3271.00368432,-0.104,0.044,0.991,0.61,12.451,-0.793,0.0,N/A
3271.013658327,-0.104,0.044,0.991,0.366,7.202,-0.488,0.0,N/A
3271.023659168,-0.104,0.044,0.991,0.061,2.136,-0.122,0.0,N/A
3271.033654176,-0.104,0.044,0.991,-0.122,-1.892,0.061,0.0,N/A
3271.043660267,-0.104,0.044,0.991,-0.244,-4.211,0.244,0.0,N/A
3271.053723815,-0.104,0.044,0.991,-0.244,-4.456,0.305,0.0,N/A
3271.063659615,-0.104,0.044,0.991,-0.183,-2.686,0.183,0.0,N/A
3271.073661914,-0.104,0.044,0.991,0.0,1.221,0.122,0.0,N/A
3271.083655463,-0.104,0.044,0.991,0.244,6.104,-0.244,0.0,N/A
3271.094664292,-0.103,0.044,0.995,0.488,11.719,-0.549,0.0,N/A
3271.104660175,-0.103,0.044,0.995,0.793,17.456,-0.977,0.0,N/A
3271.114721098,-0.103,0.044,0.995,1.038,22.522,-1.343,0.0,N/A
3271.124670315,-0.103,0.044,0.995,1.221,26.001,-1.648,0.0,N/A
3271.134655989,-0.103,0.044,0.995,1.282,27.588,-1.709,0.0,N/A
3271.14470058,-0.103,0.044,0.995,1.221,27.283,-1.709,0.0,N/A
3271.154685671,-0.103,0.044,0.995,1.16,25.085,-1.587,0.0,N/A
3271.164657928,-0.103,0.044,0.995,0.916,20.874,-1.16,0.0,N/A
3271.174663144,-0.103,0.044,0.995,0.671,15.747,-0.977,0.0,N/A
3271.18465436,-0.103,0.044,0.995,0.427,10.01,-0.61,0.0,N/A
3271.195657064,-0.103,0.044,0.995,0.183,4.456,-0.244,0.0,N/A
3271.20567103,-0.103,0.044,0.995,0.0,-0.122,0.0,0.0,N/A
3271.215619371,-0.103,0.044,0.995,-0.122,-3.601,0.122,0.0,N/A
3271.225724919,-0.125,0.044,0.992,-0.244,-5.92,0.183,0.0,N/A
3271.235695136,-0.125,0.044,0.992,-0.305,-7.263,0.244,0.0,N/A
3271.24565456,-0.125,0.044,0.992,-0.305,-7.812,0.183,0.0,N/A
3271.255652776,-0.125,0.044,0.992,-0.244,-7.996,0.122,0.0,N/A
3271.265678992,-0.125,0.044,0.992,-0.244,-8.545,0.061,0.0,N/A
3271.275662624,-0.125,0.044,0.992,-0.305,-10.01,0.061,0.0,N/A
3271.286667662,-0.125,0.044,0.992,-0.427,-12.573,0.244,0.0,N/A
3271.296661211,-0.125,0.044,0.992,-0.549,-16.052,0.427,0.0,N/A
3271.306660302,-0.125,0.044,0.992,-0.732,-20.325,0.671,0.0,N/A
3271.316725017,-0.125,0.044,0.992,-0.977,-25.024,0.916,0.0,N/A
3271.326729358,-0.125,0.044,0.992,-1.221,-29.785,1.16,0.0,N/A
3271.336578534,-0.125,0.044,0.992,-1.465,-34.363,1.404,0.0,N/A
3271.34667679,-0.152,0.045,0.993,-1.709,-38.818,1.892,0.0,N/A
3271.356624257,-0.152,0.045,0.993,-1.892,-42.114,1.892,0.0,N/A
3271.367616752,-0.152,0.045,0.993,-2.014,-44.067,2.075,0.0,N/A
3271.377671259,-0.152,0.045,0.993,-1.953,-44.373,2.136,0.0,N/A
3271.387569435,-0.152,0.045,0.993,-1.831,-42.908,2.075,0.0,N/A
3271.397617233,-0.152,0.045,0.993,-1.77,-39.734,2.075,0.0,N/A
3271.407692448,-0.152,0.045,0.993,-1.526,-34.729,1.892,0.0,N/A
3271.417636998,-0.152,0.045,0.993,-1.282,-27.771,1.526,0.0,N/A
3271.427607214,-0.152,0.045,0.993,-0.854,-19.226,1.099,0.0,N/A
3271.437610389,-0.152,0.045,0.993,-0.427,-8.362,0.732,0.0,N/A
3271.448664134,-0.152,0.045,0.993,0.061,2.441,0.0,0.0,N/A
3271.458614225,-0.152,0.045,0.993,0.61,14.099,-0.549,0.0,N/A
3271.468618274,-0.152,0.045,0.993,1.099,25.696,-1.221,0.0,N/A
3271.478616198,-0.088,0.043,0.993,1.587,36.499,-1.892,0.0,N/A
3271.488684997,-0.088,0.043,0.993,2.075,45.654,-2.441,0.0,N/A
3271.498615839,-0.088,0.043,0.993,2.38,52.795,-2.808,0.0,N/A
3271.508612888,-0.088,0.043,0.993,2.747,58.105,-3.113,0.0,N/A
3271.518606729,-0.088,0.043,0.993,2.93,61.34,-3.357,0.0,N/A
3271.528641111,-0.088,0.043,0.993,2.93,62.073,-3.296,0.0,N/A
3271.538616869,-0.088,0.043,0.993,2.747,60.181,-3.357,0.0,N/A
3271.549611698,-0.088,0.043,0.993,2.502,55.908,-3.174,0.0,N/A
3271.559610789,-0.088,0.043,0.993,2.197,49.561,-2.808,0.0,N/A
3271.569684837,-0.088,0.043,0.993,1.831,41.382,-2.319,0.0,N/A
3271.579620929,-0.088,0.043,0.993,1.404,31.738,-1.831,0.0,N/A
3271.589636644,-0.088,0.043,0.993,0.916,20.752,-1.221,0.0,N/A
3271.599644193,-0.083,0.043,0.991,0.427,9.033,-0.61,0.0,N/A
3271.609647659,-0.083,0.043,0.991,-0.061,-2.686,0.0,0.0,N/A
3271.619623125,-0.083,0.043,0.991,-0.549,-13.855,0.488,0.0,N/A
3271.629626299,-0.083,0.043,0.991,-1.038,-25.024,1.221,0.0,N/A
3271.640615879,-0.083,0.043,0.991,-1.404,-33.752,1.526,0.0,N/A
3271.650632761,-0.083,0.043,0.991,-1.709,-40.894,1.892,0.0,N/A
3271.660672976,-0.083,0.043,0.991,-1.953,-46.387,2.258,0.0,N/A
3271.670649901,-0.083,0.043,0.991,-2.197,-49.805,2.563,0.0,N/A
3271.680649283,-0.083,0.043,0.991,-2.319,-50.537,2.625,0.0,N/A
3271.690688915,-0.083,0.043,0.991,-2.258,-48.462,2.563,0.0,N/A
3271.700613632,-0.083,0.043,0.991,-2.075,-43.884,2.319,0.0,N/A
3271.710660847,-0.083,0.043,0.991,-1.77,-37.109,1.953,0.0,N/A
3271.720672772,-0.083,0.043,0.991,-1.282,-27.283,1.404,0.0,N/A
3271.731666726,-0.165,0.045,0.994,-0.793,-16.724,0.793,0.0,N/A
3271.7416524,-0.165,0.045,0.994,-0.183,-5.554,0.183,0.0,N/A
3271.751612991,-0.165,0.045,0.994,0.305,5.615,-0.366,0.0,N/A
3271.761606249,-0.165,0.045,0.994,0.793,16.174,-0.977,0.0,N/A
3271.77161584,-0.165,0.045,0.994,1.282,25.452,-1.526,0.0,N/A
3271.781627764,-0.165,0.045,0.994,1.648,32.959,-1.953,0.0,N/A
3271.791614021,-0.165,0.045,0.994,1.892,38.574,-2.258,0.0,N/A
3271.801634987,-0.165,0.045,0.994,2.014,42.603,-2.441,0.0,N/A
3271.81170466,-0.165,0.045,0.994,2.075,44.006,-2.563,0.0,N/A
3271.82268724,-0.165,0.045,0.994,1.953,43.03,-2.563,0.0,N/A
3271.832617206,-0.165,0.045,0.994,1.77,39.795,-2.38,0.0,N/A
3271.842638755,-0.165,0.045,0.994,1.587,34.668,-2.075,0.0,N/A
3271.852610138,-0.165,0.045,0.994,1.282,27.649,-1.648,0.0,N/A
3271.862646562,-0.088,0.043,0.989,0.916,18.982,-1.16,0.0,N/A
3271.87261532,-0.088,0.043,0.989,0.488,9.155,-0.671,0.0,N/A
3271.88263891,-0.088,0.043,0.989,0.0,-2.38,0.061,0.0,N/A
3271.893632281,-0.088,0.043,0.989,-0.488,-13.062,0.427,0.0,N/A
3271.903612997,-0.088,0.043,0.989,-0.916,-23.193,0.977,0.0,N/A
3271.91361763,-0.088,0.043,0.989,-1.343,-32.349,1.404,0.0,N/A
3271.923645595,-0.088,0.043,0.989,-1.648,-40.222,1.831,0.0,N/A
3271.933607645,-0.088,0.043,0.989,-2.014,-46.753,2.197,0.0,N/A
3271.943644069,-0.088,0.043,0.989,-2.319,-51.636,2.441,0.0,N/A
3271.953580744,-0.088,0.043,0.989,-2.502,-54.688,2.625,0.0,N/A
3271.963669084,-0.088,0.043,0.989,-2.625,-55.847,2.747,0.0,N/A
3271.973649508,-0.088,0.043,0.989,-2.502,-54.382,2.93,0.0,N/A
3271.984616337,-0.157,0.045,0.996,-2.258,-50.11,2.563,0.0,N/A
3271.994656844,-0.157,0.045,0.996,-1.953,-43.518,2.258,0.0,N/A
3272.004833558,-0.157,0.045,0.996,-1.587,-34.729,1.892,0.0,N/A
3272.014680109,-0.157,0.045,0.996,-1.099,-23.743,1.404,0.0,N/A
3272.024734033,-0.157,0.045,0.996,-0.488,-11.353,0.793,0.0,N/A
3272.034647083,-0.157,0.045,0.996,0.061,1.77,0.122,0.0,N/A
3272.04472259,-0.157,0.045,0.996,0.671,14.832,-0.549,0.0,N/A
3272.054709722,-0.157,0.045,0.996,1.282,28.564,-1.16,0.0,N/A
3272.064677605,-0.157,0.045,0.996,1.77,39.795,-2.014,0.0,N/A
3272.075714434,-0.157,0.045,0.996,2.258,49.561,-2.502,0.0,N/A
3272.085644692,-0.157,0.045,0.996,2.686,57.739,-2.991,0.0,N/A
3272.095717282,-0.157,0.045,0.996,3.052,64.148,-3.418,0.0,N/A
3272.105649582,-0.157,0.045,0.996,3.174,68.298,-3.723,0.0,N/A
3272.115640798,-0.063,0.043,0.988,3.174,69.885,-3.906,0.0,N/A
3272.125716888,-0.063,0.043,0.988,3.113,68.848,-3.906,0.0,N/A
3272.13567048,-0.063,0.043,0.988,2.93,65.125,-3.662,0.0,N/A
3272.145603655,-0.063,0.043,0.988,2.625,57.739,-3.296,0.0,N/A
3272.155716494,-0.063,0.043,0.988,2.197,47.974,-2.747,0.0,N/A
3272.166716282,-0.063,0.043,0.988,1.648,35.767,-2.136,0.0,N/A
3272.176686789,-0.063,0.043,0.988,1.038,21.729,-1.465,0.0,N/A
3272.186684714,-0.063,0.043,0.988,0.366,6.775,-0.61,0.0,N/A
3272.19667418,-0.063,0.043,0.988,-0.244,-8.24,0.122,0.0,N/A
3272.206717895,-0.063,0.043,0.988,-0.916,-22.278,0.854,0.0,N/A
3272.216730402,-0.063,0.043,0.988,-1.404,-34.668,1.465,0.0,N/A
3272.226598245,-0.063,0.043,0.988,-1.892,-45.227,1.953,0.0,N/A
3272.236648377,-0.149,0.045,0.992,-2.319,-54.688,2.441,0.0,N/A
3272.246664967,-0.149,0.045,0.992,-2.625,-60.852,2.808,0.0,N/A
3272.257642005,-0.149,0.045,0.992,-2.808,-64.453,3.052,0.0,N/A
3272.26759968,-0.149,0.045,0.992,-2.991,-65.674,3.235,0.0,N/A
3272.277659437,-0.149,0.045,0.992,-2.991,-64.331,3.235,0.0,N/A
3272.287646569,-0.149,0.045,0.992,-2.808,-60.364,3.113,0.0,N/A
3272.297601327,-0.149,0.045,0.992,-2.441,-53.833,2.747,0.0,N/A
3272.307602168,-0.149,0.045,0.992,-2.014,-45.044,2.197,0.0,N/A
3272.317688175,-0.149,0.045,0.992,-1.526,-34.79,1.709,0.0,N/A
3272.32772314,-0.149,0.045,0.992,-0.977,-22.156,1.038,0.0,N/A
3272.337700064,-0.149,0.045,0.992,-0.427,-10.071,0.366,0.0,N/A
3272.348648519,-0.149,0.045,0.992,0.061,1.831,-0.244,0.0,N/A
3272.35865636,-0.149,0.045,0.992,0.61,13.123,-0.854,0.0,N/A
3272.368657492,-0.134,0.044,0.991,1.038,23.132,-1.404,0.0,N/A
3272.378665333,-0.134,0.044,0.991,1.404,31.494,-1.77,0.0,N/A
3272.388654508,-0.134,0.044,0.991,1.77,38.208,-2.136,0.0,N/A
3272.398597891,-0.134,0.044,0.991,2.075,43.274,-2.441,0.0,N/A
3272.408654731,-0.134,0.044,0.991,2.258,46.631,-2.502,0.0,N/A
3272.41965481,-0.134,0.044,0.991,2.258,47.485,-2.686,0.0,N/A
3272.429699984,-0.134,0.044,0.991,2.136,46.265,-2.625,0.0,N/A
3272.439719491,-0.134,0.044,0.991,2.014,42.786,-2.441,0.0,N/A
3272.449734332,-0.134,0.044,0.991,1.709,36.865,-2.075,0.0,N/A
3272.459644757,-0.134,0.044,0.991,1.343,29.175,-1.648,0.0,N/A
3272.469659598,-0.134,0.044,0.991,0.916,20.264,-1.16,0.0,N/A
3272.479718771,-0.134,0.044,0.991,0.427,10.559,-0.671,0.0,N/A
3272.489638821,-0.082,0.043,0.99,0.0,0.977,-0.122,0.0,N/A
3272.499598829,-0.082,0.043,0.99,-0.305,-7.751,0.244,0.0,N/A
3272.50972071,-0.082,0.043,0.99,-0.671,-16.113,0.61,0.0,N/A
3272.520644957,-0.082,0.043,0.99,-0.916,-22.461,0.916,0.0,N/A
3272.530718714,-0.082,0.043,0.99,-1.16,-27.649,1.221,0.0,N/A
3272.540654514,-0.082,0.043,0.99,-1.404,-31.372,1.465,0.0,N/A
3272.550711937,-0.082,0.043,0.99,-1.526,-33.386,1.648,0.0,N/A
3272.560640445,-0.082,0.043,0.99,-1.526,-33.508,1.648,0.0,N/A
3272.570715952,-0.082,0.043,0.99,-1.465,-31.86,1.587,0.0,N/A
3272.580661377,-0.082,0.043,0.99,-1.343,-28.503,1.526,0.0,N/A
3272.590681468,-0.082,0.043,0.99,-1.099,-22.583,1.404,0.0,N/A
3272.601660839,-0.082,0.043,0.99,-0.732,-15.137,0.854,0.0,N/A
3272.611641263,-0.082,0.043,0.99,-0.305,-6.042,0.366,0.0,N/A
3272.62165202,-0.142,0.045,0.995,0.122,4.089,-0.183,0.0,N/A
3272.631708569,-0.142,0.045,0.995,0.671,14.709,-0.793,0.0,N/A
3272.641637077,-0.142,0.045,0.995,1.16,24.78,-1.404,0.0,N/A
3272.651664168,-0.142,0.045,0.995,1.587,33.63,-1.892,0.0,N/A
3272.661666759,-0.142,0.045,0.995,1.892,40.894,-2.258,0.0,N/A
3272.671649225,-0.142,0.045,0.995,2.136,46.387,-2.625,0.0,N/A
3272.681667274,-0.142,0.045,0.995,2.197,49.683,-2.808,0.0,N/A
3272.691637198,-0.142,0.045,0.995,2.197,50.781,-2.686,0.0,N/A
3272.702641361,-0.142,0.045,0.995,2.197,49.927,-2.808,0.0,N/A
3272.712658243,-0.142,0.045,0.995,2.075,47.363,-2.747,0.0,N/A
3272.722676292,-0.142,0.045,0.995,1.831,42.847,-2.441,0.0,N/A
3272.732614425,-0.142,0.045,0.995,1.587,36.621,-2.136,0.0,N/A
3272.742600099,-0.102,0.044,0.989,1.282,28.992,-1.77,0.0,N/A
3272.752599482,-0.102,0.044,0.989,0.854,19.714,-1.221,0.0,N/A
3272.762609948,-0.102,0.044,0.989,0.427,8.911,-0.671,0.0,N/A
3272.772599414,-0.102,0.044,0.989,0.0,-2.686,-0.061,0.0,N/A
3272.782600838,-0.102,0.044,0.989,-0.61,-15.808,0.732,0.0,N/A
3272.79359975,-0.102,0.044,0.989,-1.099,-27.161,1.099,0.0,N/A
3272.803612841,-0.102,0.044,0.989,-1.526,-37.415,1.648,0.0,N/A
3272.813569057,-0.102,0.044,0.989,-1.953,-46.326,2.136,0.0,N/A
3272.823660606,-0.102,0.044,0.989,-2.258,-53.772,2.502,0.0,N/A
3272.833671655,-0.102,0.044,0.989,-2.502,-59.143,2.808,0.0,N/A
3272.843672787,-0.102,0.044,0.989,-2.747,-62.378,2.991,0.0,N/A
3272.853601295,-0.102,0.044,0.989,-2.869,-63.538,3.113,0.0,N/A
3272.863671261,-0.102,0.044,0.989,-2.869,-62.378,3.052,0.0,N/A
3272.87362981,-0.188,0.046,0.991,-2.686,-58.899,3.052,0.0,N/A
3272.884666931,-0.188,0.046,0.991,-2.38,-53.528,2.686,0.0,N/A
3272.894672146,-0.188,0.046,0.991,-2.014,-46.021,2.258,0.0,N/A
3272.90459628,-0.188,0.046,0.991,-1.587,-36.804,1.831,0.0,N/A
3272.914700953,-0.188,0.046,0.991,-1.099,-26.001,1.343,0.0,N/A
3272.924594753,-0.188,0.046,0.991,-0.61,-14.099,0.671,0.0,N/A
3272.93467201,-0.188,0.046,0.991,0.0,-1.587,0.0,0.0,N/A
3272.94459906,-0.188,0.046,0.991,0.488,10.498,-0.671,0.0,N/A
3272.954686233,-0.188,0.046,0.991,0.977,21.545,-1.282,0.0,N/A
3272.9646197,-0.188,0.046,0.991,1.404,31.189,-1.77,0.0,N/A
3272.974642124,-0.188,0.046,0.991,1.831,39.734,-2.014,0.0,N/A
3272.985707244,-0.188,0.046,0.991,2.136,45.715,-2.502,0.0,N/A
3272.99563371,-0.188,0.046,0.991,2.38,50.049,-2.808,0.0,N/A
3273.005630759,-0.079,0.043,0.989,2.502,52.368,-2.93,0.0,N/A
3273.015640642,-0.079,0.043,0.989,2.441,52.734,-2.991,0.0,N/A
3273.025637983,-0.079,0.043,0.989,2.319,50.903,-2.93,0.0,N/A
3273.035632699,-0.079,0.043,0.989,2.136,46.753,-2.625,0.0,N/A
3273.04570733,-0.079,0.043,0.989,1.831,40.466,-2.258,0.0,N/A
3273.055631755,-0.079,0.043,0.989,1.526,32.288,-1.892,0.0,N/A
3273.065650096,-0.079,0.043,0.989,1.038,21.179,-1.16,0.0,N/A
3273.076705008,-0.079,0.043,0.989,0.488,9.583,-0.793,0.0,N/A
3273.086705849,-0.079,0.043,0.989,0.0,-2.869,-0.122,0.0,N/A
3273.09670319,-0.079,0.043,0.989,-0.61,-15.381,0.427,0.0,N/A
3273.106641906,-0.079,0.043,0.989,-1.16,-27.161,1.099,0.0,N/A
3273.116629622,-0.079,0.043,0.989,-1.587,-37.476,1.648,0.0,N/A
3273.126636588,-0.125,0.045,0.994,-1.953,-46.021,2.075,0.0,N/A
3273.136727553,-0.125,0.045,0.994,-2.38,-52.734,2.38,0.0,N/A
3273.146740643,-0.125,0.045,0.994,-2.625,-57.129,2.625,0.0,N/A
3273.15671436,-0.125,0.045,0.994,-2.747,-59.143,2.808,0.0,N/A
3273.167654356,-0.125,0.045,0.994,-2.686,-58.411,2.808,0.0,N/A
3273.177603864,-0.125,0.045,0.994,-2.441,-54.993,2.686,0.0,N/A
3273.187555706,-0.125,0.045,0.994,-2.197,-49.316,2.441,0.0,N/A
3273.197597963,-0.125,0.045,0.994,-1.831,-41.687,2.136,0.0,N/A
3273.207670553,-0.125,0.045,0.994,-1.465,-32.288,1.709,0.0,N/A
3273.217614519,-0.125,0.045,0.994,-0.977,-21.179,1.099,0.0,N/A
3273.227548861,-0.125,0.045,0.994,-0.366,-9.033,0.427,0.0,N/A
3273.237542702,-0.125,0.045,0.994,0.122,3.418,-0.183,0.0,N/A
3273.247652625,-0.125,0.045,0.994,0.793,16.907,-0.977,0.0,N/A
3273.258622371,-0.115,0.044,0.994,1.282,28.015,-1.587,0.0,N/A
3273.268599587,-0.115,0.044,0.994,1.648,37.537,-2.136,0.0,N/A
3273.278593136,-0.115,0.044,0.994,2.014,45.227,-2.502,0.0,N/A
3273.288588435,-0.115,0.044,0.994,2.319,50.659,-2.808,0.0,N/A
3273.298612026,-0.115,0.044,0.994,2.563,54.199,-2.991,0.0,N/A
3273.308603825,-0.115,0.044,0.994,2.625,55.542,-3.174,0.0,N/A
3273.318598541,-0.115,0.044,0.994,2.563,54.504,-3.052,0.0,N/A
3273.328592965,-0.115,0.044,0.994,2.38,51.147,-2.869,0.0,N/A
3273.338605764,-0.115,0.044,0.994,2.075,44.922,-2.502,0.0,N/A
3273.349623635,-0.115,0.044,0.994,1.709,37.292,-2.075,0.0,N/A
3273.359601143,-0.115,0.044,0.994,1.282,28.259,-1.648,0.0,N/A
3273.369664108,-0.115,0.044,0.994,0.854,17.883,-1.099,0.0,N/A
3273.379641616,-0.072,0.043,0.99,0.366,6.409,-0.549,0.0,N/A
3273.389632832,-0.072,0.043,0.99,-0.061,-5.676,-0.061,0.0,N/A
3273.399593423,-0.072,0.043,0.99,-0.61,-17.944,0.427,0.0,N/A
3273.409624305,-0.072,0.043,0.99,-1.16,-29.663,0.977,0.0,N/A
3273.419654021,-0.072,0.043,0.99,-1.709,-40.344,1.587,0.0,N/A
3273.429596237,-0.072,0.043,0.99,-2.197,-50.232,2.136,0.0,N/A
3273.439655119,-0.072,0.043,0.99,-2.625,-57.068,2.563,0.0,N/A
3273.450588699,-0.072,0.043,0.99,-2.869,-61.89,2.869,0.0,N/A
3273.460588956,-0.072,0.043,0.99,-2.93,-64.453,2.991,0.0,N/A
3273.470586589,-0.072,0.043,0.99,-2.869,-64.636,2.93,0.0,N/A
3273.480587721,-0.072,0.043,0.99,-2.747,-62.866,2.869,0.0,N/A
3273.490621812,-0.072,0.043,0.99,-2.686,-59.143,2.869,0.0,N/A
3273.500615653,-0.072,0.043,0.99,-2.441,-53.284,2.625,0.0,N/A
3273.510608619,-0.15,0.045,0.999,-2.014,-44.556,2.197,0.0,N/A
3273.521590031,-0.15,0.045,0.999,-1.526,-35.156,1.709,0.0,N/A
3273.531592039,-0.15,0.045,0.999,-1.038,-24.597,1.221,0.0,N/A
3273.541596963,-0.15,0.045,0.999,-0.549,-13.123,0.61,0.0,N/A
3273.551614137,-0.15,0.045,0.999,0.0,-1.16,0.0,0.0,N/A
3273.561592228,-0.15,0.045,0.999,0.427,10.742,-0.549,0.0,N/A
3273.571600944,-0.15,0.045,0.999,0.977,22.034,-1.099,0.0,N/A
3273.581590993,-0.15,0.045,0.999,1.465,32.349,-1.587,0.0,N/A
3273.591589501,-0.15,0.045,0.999,1.892,41.565,-2.136,0.0,N/A
3273.601596467,-0.15,0.045,0.999,2.258,50.11,-2.502,0.0,N/A
3273.612635629,-0.15,0.045,0.999,2.502,56.519,-2.991,0.0,N/A
3273.622628886,-0.15,0.045,0.999,2.747,61.401,-3.174,0.0,N/A
3273.63261456,-0.027,0.042,0.987,2.93,64.697,-3.296,0.0,N/A
3273.642626485,-0.027,0.042,0.987,3.052,66.65,-3.418,0.0,N/A
3273.652631117,-0.027,0.042,0.987,3.113,67.139,-3.54,0.0,N/A
3273.66270079,-0.027,0.042,0.987,2.991,65.979,-3.54,0.0,N/A
3273.67266459,-0.027,0.042,0.987,2.808,63.11,-3.357,0.0,N/A
3273.682651139,-0.027,0.042,0.987,2.563,58.777,-3.113,0.0,N/A
3273.692642355,-0.027,0.042,0.987,2.319,52.734,-2.686,0.0,N/A
3273.703659934,-0.027,0.042,0.987,2.014,46.021,-2.502,0.0,N/A
3273.713642109,-0.027,0.042,0.987,1.648,38.086,-2.075,0.0,N/A
3273.723637699,-0.027,0.042,0.987,1.221,29.358,-1.587,0.0,N/A
3273.73366129,-0.027,0.042,0.987,0.854,20.386,-1.16,0.0,N/A
3273.743698589,-0.027,0.042,0.987,0.427,11.169,-0.671,0.0,N/A
3273.753716346,-0.027,0.042,0.987,0.061,2.014,-0.183,0.0,N/A
3273.763721562,-0.114,0.044,0.994,-0.244,-6.653,0.183,0.0,N/A
3273.773721528,-0.114,0.044,0.994,-0.549,-14.709,0.549,0.0,N/A
3273.783740452,-0.114,0.044,0.994,-0.916,-22.583,1.099,0.0,N/A
3273.793703376,-0.114,0.044,0.994,-1.16,-28.809,1.221,0.0,N/A
3273.804782205,-0.114,0.044,0.994,-1.404,-34.119,1.526,0.0,N/A
3273.814762046,-0.114,0.044,0.994,-1.587,-38.574,1.709,0.0,N/A
3273.824708345,-0.114,0.044,0.994,-1.77,-42.175,1.892,0.0,N/A
3273.834743603,-0.114,0.044,0.994,-1.831,-44.922,2.014,0.0,N/A
3273.844732777,-0.114,0.044,0.994,-1.953,-47.18,2.075,0.0,N/A
3273.854800992,-0.114,0.044,0.994,-2.136,-48.828,2.197,0.0,N/A
3273.864744958,-0.114,0.044,0.994,-2.197,-49.744,2.258,0.0,N/A
3273.87469155,-0.114,0.044,0.994,-2.258,-50.171,2.441,0.0,N/A
3273.884693266,-0.181,0.045,0.991,-2.258,-50.11,2.258,0.0,N/A
3273.895764219,-0.181,0.045,0.991,-2.136,-49.194,2.197,0.0,N/A
3273.905770018,-0.181,0.045,0.991,-2.014,-47.607,2.075,0.0,N/A
3273.915691527,-0.181,0.045,0.991,-1.892,-45.776,2.075,0.0,N/A
3273.925711617,-0.181,0.045,0.991,-1.831,-43.335,2.014,0.0,N/A
3273.935643917,-0.181,0.045,0.991,-1.709,-40.222,1.892,0.0,N/A
3273.945643883,-0.181,0.045,0.991,-1.587,-36.621,1.709,0.0,N/A
3273.955617891,-0.181,0.045,0.991,-1.404,-31.921,1.648,0.0,N/A
3273.965600065,-0.182,0.045,0.991,-1.16,-26.611,1.282,0.0,N/A
3273.97658877,-0.181,0.045,0.991,-0.916,-20.203,0.977,0.0,N/A
3273.986541778,-0.181,0.045,0.991,-0.549,-12.512,0.671,0.0,N/A
3273.996612326,-0.181,0.045,0.991,-0.183,-3.54,0.244,0.0,N/A
3274.006589542,-0.181,0.045,0.991,0.244,6.348,-0.183,0.0,N/A
3274.016596216,-0.073,0.043,0.994,0.671,16.846,-0.671,0.0,N/A
