MonoNS,EstNS,MonoS,EstS,AccX,AccY,AccZ,GyroX,GyroY,GyroZ
3415077314251,3415075314251,3415.077314251,3415.075314251,-0.153,0.045,0.988,0.183,11.658,0.977
3415097003281,3415095003281,3415.097003281,3415.095003281,-0.153,0.045,0.988,-1.038,-16.968,1.953
3415106421385,3415104421385,3415.106421385,3415.104421385,-0.153,0.045,0.988,-1.038,-24.597,1.404
3415115114705,3415113114705,3415.115114705,3415.113114705,-0.153,0.045,0.988,-1.038,-31.494,1.16
3415125040011,3415123040011,3415.125040011,3415.123040011,-0.153,0.045,0.988,-1.221,-38.757,1.404
3415136006264,3415134006264,3415.136006264,3415.134006264,-0.153,0.045,0.988,-1.709,-46.875,1.953
3415146034527,3415144034527,3415.146034527,3415.144034527,-0.153,0.045,0.988,-2.014,-52.979,2.319
3415156019625,3415154019625,3415.156019625,3415.154019625,-0.153,0.045,0.988,-2.258,-57.739,2.563
3415165989264,3415163989264,3415.165989264,3415.163989264,-0.153,0.045,0.988,-2.441,-61.768,2.808
3415177071890,3415175071890,3415.17707189,3415.17507189,-0.249,0.046,0.975,-2.625,-64.941,2.991
3415187029571,3415185029571,3415.187029571,3415.185029571,-0.249,0.046,0.975,-2.747,-66.711,3.113
3415197030418,3415195030418,3415.197030418,3415.195030418,-0.249,0.046,0.975,-2.869,-67.261,3.113
3415208052670,3415206052670,3415.20805267,3415.20605267,-0.249,0.046,0.975,-2.808,-66.406,3.052
3415217974185,3415215974185,3415.217974185,3415.215974185,-0.249,0.046,0.975,-2.747,-64.148,2.93
3415228019657,3415226019657,3415.228019657,3415.226019657,-0.249,0.046,0.975,-2.686,-60.913,2.808
3415238021087,3415236021087,3415.238021087,3415.236021087,-0.249,0.046,0.975,-2.563,-56.396,2.563
3415249020881,3415247020881,3415.249020881,3415.247020881,-0.249,0.046,0.975,-2.258,-50.11,2.38
3415258970395,3415256970395,3415.258970395,3415.256970395,-0.249,0.046,0.975,-1.892,-43.274,1.892
3415268985826,3415266985826,3415.268985826,3415.266985826,-0.249,0.046,0.975,-1.526,-35.461,1.526
3415278988423,3415276988423,3415.278988423,3415.276988423,-0.249,0.046,0.975,-1.16,-26.794,1.099
3415290357463,3415288357463,3415.290357463,3415.288357463,-0.249,0.046,0.975,-0.671,-16.357,0.61
3415308033724,3415306033724,3415.308033724,3415.306033724,-0.145,0.045,0.988,0.061,2.014,-0.061
3415318022613,3415316022613,3415.318022613,3415.316022613,-0.145,0.045,0.988,0.488,12.024,-0.671
3415327941211,3415325941211,3415.327941211,3415.325941211,-0.145,0.045,0.988,0.916,21.423,-1.16
3415338017307,3415336017307,3415.338017307,3415.336017307,-0.145,0.045,0.988,1.343,29.846,-1.526
3415348065695,3415346065695,3415.348065695,3415.346065695,-0.145,0.045,0.988,1.709,37.292,-1.831
3415358974199,3415356974199,3415.358974199,3415.356974199,-0.145,0.045,0.988,2.075,44.373,-2.258
3415368987296,3415366987296,3415.368987296,3415.366987296,-0.145,0.045,0.988,2.319,49.316,-2.563
3415378969768,3415376969768,3415.378969768,3415.376969768,-0.145,0.045,0.988,2.38,52.612,-2.747
3415389926688,3415387926688,3415.389926688,3415.387926688,-0.145,0.045,0.988,2.441,54.138,-2.869
3415400114199,3415398114199,3415.400114199,3415.398114199,-0.145,0.045,0.988,2.38,53.589,-2.686
3415410025797,3415408025797,3415.410025797,3415.408025797,-0.145,0.045,0.988,2.258,51.208,-2.686
3415420202809,3415418202809,3415.420202809,3415.418202809,-0.145,0.045,0.988,2.075,47.485,-2.502
3415430120824,3415428120824,3415.430120824,3415.428120824,-0.145,0.045,0.988,1.831,42.603,-2.258
3415441133159,3415439133159,3415.441133159,3415.439133159,-0.071,0.043,0.989,1.526,35.889,-1.709
3415451191464,3415449191464,3415.451191464,3415.449191464,-0.071,0.043,0.989,1.221,28.809,-1.526
3415461056104,3415459056104,3415.461056104,3415.459056104,-0.071,0.043,0.989,0.854,21.179,-1.16
3415471124034,3415469124034,3415.471124034,3415.469124034,-0.071,0.043,0.989,0.549,13.184,-0.732
3415482123828,3415480123828,3415.482123828,3415.480123828,-0.071,0.043,0.989,0.183,5.31,-0.305
3415492128759,3415490128759,3415.492128759,3415.490128759,-0.071,0.043,0.989,-0.061,-2.869,0.0
3415502081773,3415500081773,3415.502081773,3415.500081773,-0.071,0.043,0.989,-0.366,-9.827,0.366
3415512122869,3415510122869,3415.512122869,3415.510122869,-0.071,0.043,0.989,-0.61,-15.93,0.671
3415522143258,3415520143258,3415.522143258,3415.520143258,-0.071,0.043,0.989,-0.854,-20.996,0.916
3415533175135,3415531175135,3415.533175135,3415.531175135,-0.071,0.043,0.989,-1.038,-25.146,1.099
3415543053483,3415541053483,3415.543053483,3415.541053483,-0.071,0.043,0.989,-1.16,-27.405,1.282
3415553127538,3415551127538,3415.553127538,3415.551127538,-0.071,0.043,0.989,-1.221,-28.198,1.343
3415564147457,3415562147457,3415.564147457,3415.562147457,-0.176,0.045,0.991,-1.16,-27.405,1.282
3415574151221,3415572151221,3415.574151221,3415.572151221,-0.176,0.045,0.991,-1.038,-24.719,1.221
3415584141276,3415582141276,3415.584141276,3415.582141276,-0.176,0.045,0.991,-0.916,-20.691,1.038
3415594140956,3415592140956,3415.594140956,3415.592140956,-0.176,0.045,0.991,-0.671,-15.32,0.732
3415604054596,3415602054596,3415.604054596,3415.602054596,-0.176,0.045,0.991,-0.366,-8.911,0.427
3415615055265,3415613055265,3415.615055265,3415.613055265,-0.176,0.045,0.991,0.0,-1.038,0.0
3415625072446,3415623072446,3415.625072446,3415.623072446,-0.176,0.045,0.991,0.244,6.042,-0.305
3415634971502,3415632971502,3415.634971502,3415.632971502,-0.176,0.045,0.991,0.549,12.634,-0.671
3415644983432,3415642983432,3415.644983432,3415.642983432,-0.176,0.045,0.991,0.793,18.25,-0.916
3415656049434,3415654049434,3415.656049434,3415.654049434,-0.176,0.045,0.991,0.977,22.888,-0.916
3415666054364,3415664054364,3415.666054364,3415.664054364,-0.176,0.045,0.991,1.099,25.391,-1.221
3415675959254,3415673959254,3415.675959254,3415.673959254,-0.176,0.045,0.991,1.099,26.062,-1.221
3415687380794,3415685380794,3415.687380794,3415.685380794,-0.144,0.045,0.988,1.038,24.78,-1.221
3415700196193,3415698196193,3415.700196193,3415.698196193,-0.144,0.045,0.988,0.977,21.973,-1.221
3415707041825,3415705041825,3415.707041825,3415.705041825,-0.144,0.045,0.988,0.793,17.639,-1.099
3415716967423,3415714967423,3415.716967423,3415.714967423,-0.144,0.045,0.988,0.549,11.658,-0.854
3415728053549,3415726053549,3415.728053549,3415.726053549,-0.144,0.045,0.988,0.244,3.723,-0.366
3415738053813,3415736053813,3415.738053813,3415.736053813,-0.144,0.045,0.988,-0.061,-4.211,-0.122
3415748051452,3415746051452,3415.748051452,3415.746051452,-0.144,0.045,0.988,-0.427,-12.695,0.244
3415758006799,3415756006799,3415.758006799,3415.756006799,-0.144,0.045,0.988,-0.793,-21.301,0.671
3415769099926,3415767099926,3415.769099926,3415.767099926,-0.144,0.045,0.988,-1.16,-29.602,1.16
3415779075106,3415777075106,3415.779075106,3415.777075106,-0.144,0.045,0.988,-1.526,-38.025,1.648
3415789053204,3415787053204,3415.789053204,3415.787053204,-0.144,0.045,0.988,-1.831,-44.556,1.953
3415799022551,3415797022551,3415.799022551,3415.797022551,-0.144,0.045,0.988,-2.075,-49.988,2.258
3415810047137,3415808047137,3415.810047137,3415.808047137,-0.144,0.045,0.988,-2.319,-54.26,2.502
3415820051484,3415818051484,3415.820051484,3415.818051484,-0.171,0.045,0.99,-2.563,-57.373,2.747
3415830056997,3415828056997,3415.830056997,3415.828056997,-0.171,0.045,0.99,-2.686,-58.411,2.808
3415840047344,3415838047344,3415.840047344,3415.838047344,-0.171,0.045,0.99,-2.625,-57.739,2.747
3415850044108,3415848044108,3415.850044108,3415.848044108,-0.171,0.045,0.99,-2.502,-55.359,2.625
3415861054111,3415859054111,3415.861054111,3415.859054111,-0.171,0.045,0.99,-2.197,-50.598,2.441
3415871138373,3415869138373,3415.871138373,3415.869138373,-0.171,0.045,0.99,-1.953,-44.495,2.197
3415881229344,3415879229344,3415.881229344,3415.879229344,-0.171,0.045,0.99,-1.587,-36.499,1.831
3415892148348,3415890148348,3415.892148348,3415.890148348,-0.171,0.045,0.99,-1.16,-25.94,1.465
3415902243986,3415900243986,3415.902243986,3415.900243986,-0.171,0.045,0.99,-0.671,-15.32,0.732
3415912124084,3415910124084,3415.912124084,3415.910124084,-0.171,0.045,0.99,-0.122,-3.906,0.122
3415923030546,3415921030546,3415.923030546,3415.921030546,-0.171,0.045,0.99,0.305,7.812,-0.427
3415932982102,3415930982102,3415.932982102,3415.930982102,-0.171,0.045,0.99,0.916,20.508,-1.099
3415943026698,3415941026698,3415.943026698,3415.941026698,-0.099,0.044,0.992,1.343,31.372,-1.709
3415954094450,3415952094450,3415.95409445,3415.95209445,-0.099,0.044,0.992,1.77,41.26,-2.197
3415964052714,3415962052714,3415.964052714,3415.962052714,-0.099,0.044,0.992,2.258,50.415,-2.502
3415974058520,3415972058520,3415.97405852,3415.97205852,-0.099,0.044,0.992,2.625,56.824,-2.991
3415984048283,3415982048283,3415.984048283,3415.982048283,-0.099,0.044,0.992,2.869,61.401,-3.296
3415994513459,3415992513459,3415.994513459,3415.992513459,-0.099,0.044,0.992,2.991,63.599,-3.479
3416005170840,3416003170840,3416.00517084,3416.00317084,-0.099,0.044,0.992,2.869,63.11,-3.479
3416015080105,3416013080105,3416.015080105,3416.013080105,-0.099,0.044,0.992,2.686,59.326,-3.235
3416025003952,3416023003952,3416.025003952,3416.023003952,-0.099,0.044,0.992,2.38,53.284,-2.93
3416035075382,3416033075382,3416.035075382,3416.033075382,-0.099,0.044,0.992,2.014,44.861,-2.502
3416046046010,3416044046010,3416.04604601,3416.04404601,-0.099,0.044,0.992,1.526,34.424,-1.953
3416056050649,3416054050649,3416.056050649,3416.054050649,-0.099,0.044,0.992,0.916,21.118,-1.16
3416065968372,3416063968372,3416.065968372,3416.063968372,-0.077,0.043,0.99,0.366,8.484,-0.488
3416076009176,3416074009176,3416.076009176,3416.074009176,-0.077,0.043,0.99,-0.122,-3.845,0.0
3416087053887,3416085053887,3416.087053887,3416.085053887,-0.077,0.043,0.99,-0.61,-15.442,0.61
3416097080984,3416095080984,3416.097080984,3416.095080984,-0.077,0.043,0.99,-1.099,-26.978,1.16
3416107256829,3416105256829,3416.107256829,3416.105256829,-0.077,0.043,0.99,-1.526,-36.133,1.648
3416117109219,3416115109219,3416.117109219,3416.115109219,-0.077,0.043,0.99,-1.831,-43.579,2.075
3416127048525,3416125048525,3416.127048525,3416.125048525,-0.077,0.043,0.99,-2.075,-49.133,2.319
3416138113944,3416136113944,3416.138113944,3416.136113944,-0.077,0.043,0.99,-2.319,-52.979,2.563
3416148106916,3416146106916,3416.148106916,3416.146106916,-0.077,0.043,0.99,-2.441,-53.955,2.686
3416158065763,3416156065763,3416.158065763,3416.156065763,-0.077,0.043,0.99,-2.441,-52.551,2.563
3416169109307,3416167109307,3416.169109307,3416.167109307,-0.077,0.043,0.99,-2.258,-48.889,2.38
3416179125612,3416177125612,3416.179125612,3416.177125612,-0.077,0.043,0.99,-1.892,-42.297,1.953
3416189110709,3416187110709,3416.189110709,3416.187110709,-0.077,0.043,0.99,-1.526,-34.424,1.526
3416199064890,3416197064890,3416.19906489,3416.19706489,-0.164,0.045,0.995,-1.099,-25.33,1.099
3416210106101,3416208106101,3416.210106101,3416.208106101,-0.164,0.045,0.995,-0.61,-15.32,0.671
3416220108698,3416218108698,3416.220108698,3416.218108698,-0.164,0.045,0.995,-0.122,-3.296,0.061
3416230125586,3416228125586,3416.230125586,3416.228125586,-0.164,0.045,0.995,0.305,7.629,-0.488
3416240160849,3416238160849,3416.240160849,3416.238160849,-0.164,0.045,0.995,0.793,18.066,-0.977
3416251133227,3416249133227,3416.251133227,3416.249133227,-0.164,0.045,0.995,1.221,27.222,-1.465
3416261109575,3416259109575,3416.261109575,3416.259109575,-0.164,0.045,0.995,1.648,35.278,-1.892
3416271163504,3416269163504,3416.271163504,3416.269163504,-0.164,0.045,0.995,1.953,40.771,-2.197
3416281141602,3416279141602,3416.281141602,3416.279141602,-0.164,0.045,0.995,2.136,44.006,-2.441
3416292062355,3416290062355,3416.292062355,3416.290062355,-0.164,0.045,0.995,2.136,44.8,-2.563
3416302127951,3416300127951,3416.302127951,3416.300127951,-0.164,0.045,0.995,2.014,42.847,-2.502
3416312134923,3416310134923,3416.312134923,3416.310134923,-0.164,0.045,0.995,1.77,38.513,-2.258
3416327002174,3416325002174,3416.327002174,3416.325002174,-0.072,0.043,0.989,1.465,31.982,-1.892
3416333524060,3416331524060,3416.33352406,3416.33152406,-0.072,0.043,0.989,1.099,23.682,-1.465
3416342947705,3416340947705,3416.342947705,3416.340947705,-0.072,0.043,0.989,0.61,13.123,-0.916
3416352970427,3416350970427,3416.352970427,3416.350970427,-0.072,0.043,0.989,0.122,2.747,-0.366
3416362966024,3416360966024,3416.362966024,3416.360966024,-0.072,0.043,0.989,-0.244,-7.69,0.122
3416372917580,3416370917580,3416.37291758,3416.37091758,-0.072,0.043,0.989,-0.671,-17.761,0.61
3416383967832,3416381967832,3416.383967832,3416.381967832,-0.072,0.043,0.989,-1.099,-27.771,1.16
3416393960804,3416391960804,3416.393960804,3416.391960804,-0.072,0.043,0.989,-1.526,-35.645,1.526
3416404132274,3416402132274,3416.404132274,3416.402132274,-0.072,0.043,0.989,-1.831,-42.053,1.892
3416415134110,3416413134110,3416.41513411,3416.41313411,-0.072,0.043,0.989,-2.136,-46.814,2.136
3416425064666,3416423064666,3416.425064666,3416.423064666,-0.072,0.043,0.989,-2.319,-49.866,2.319
3416435066097,3416433066097,3416.435066097,3416.433066097,-0.072,0.043,0.989,-2.319,-50.354,2.38
3416445117401,3416443117401,3416.445117401,3416.443117401,-0.072,0.043,0.989,-2.136,-48.462,2.319
3416455114457,3416453114457,3416.455114457,3416.453114457,-0.141,0.045,0.998,-1.953,-44.434,2.258
3416466062627,3416464062627,3416.466062627,3416.464062627,-0.141,0.045,0.998,-1.648,-37.415,2.136
3416481663411,3416479663411,3416.481663411,3416.479663411,-0.141,0.045,0.998,-1.282,-28.687,1.526
3416488095465,3416486095465,3416.488095465,3416.486095465,-0.141,0.045,0.998,-0.793,-17.212,1.099
3416500111706,3416498111706,3416.500111706,3416.498111706,-0.141,0.045,0.998,-0.061,-2.014,0.122
3416510124803,3416508124803,3416.510124803,3416.508124803,-0.141,0.045,0.998,0.427,10.132,-0.427
3416520077817,3416518077817,3416.520077817,3416.518077817,-0.141,0.045,0.998,0.916,21.973,-1.099
3416531046987,3416529046987,3416.531046987,3416.529046987,-0.141,0.045,0.998,1.404,32.959,-1.648
3416541013126,3416539013126,3416.541013126,3416.539013126,-0.141,0.045,0.998,1.953,43.579,-2.197
3416551103513,3416549103513,3416.551103513,3416.549103513,-0.141,0.045,0.998,2.38,51.575,-2.625
3416561062069,3416559062069,3416.561062069,3416.559062069,-0.141,0.045,0.998,2.686,57.8,-2.991
3416572122821,3416570122821,3416.572122821,3416.570122821,-0.141,0.045,0.998,2.93,62.134,-3.296
3416582103835,3416580103835,3416.582103835,3416.580103835,-0.062,0.043,0.989,2.991,63.965,-3.479
3416592114599,3416590114599,3416.592114599,3416.590114599,-0.062,0.043,0.989,2.869,62.744,-3.479
3416603088143,3416601088143,3416.603088143,3416.601088143,-0.062,0.043,0.989,2.625,58.838,-3.235
3416618560013,3416616560013,3416.618560013,3416.616560013,-0.062,0.043,0.989,2.319,51.697,-2.93
3416624855568,3416622855568,3416.624855568,3416.622855568,-0.062,0.043,0.989,1.892,41.504,-2.441
3416637070723,3416635070723,3416.637070723,3416.635070723,-0.062,0.043,0.989,1.16,26.001,-1.526
3416647426816,3416645426816,3416.647426816,3416.645426816,-0.062,0.043,0.989,0.549,12.39,-0.793
3416657192291,3416655192291,3416.657192291,3416.655192291,-0.062,0.043,0.989,0.0,-1.526,-0.061
3416667168763,3416665168763,3416.667168763,3416.665168763,-0.062,0.043,0.989,-0.61,-15.259,0.549
3416678074767,3416676074767,3416.678074767,3416.676074767,-0.062,0.043,0.989,-1.221,-29.297,1.282
3416688068031,3416686068031,3416.688068031,3416.686068031,-0.062,0.043,0.989,-1.709,-40.833,1.892
3416698067419,3416696067419,3416.698067419,3416.696067419,-0.062,0.043,0.989,-2.136,-50.842,2.38
3416708068558,3416706068558,3416.708068558,3416.706068558,-0.137,0.045,0.994,-2.502,-58.96,2.808
3416719113268,3416717113268,3416.719113268,3416.717113268,-0.137,0.045,0.994,-2.93,-65.308,3.174
3416729065699,3416727065699,3416.729065699,3416.727065699,-0.137,0.045,0.994,-3.113,-68.298,3.357
3416739016964,3416737016964,3416.739016964,3416.737016964,-0.137,0.045,0.994,-3.174,-68.481,3.357
3416750066341,3416748066341,3416.750066341,3416.748066341,-0.137,0.045,0.994,-2.93,-65.796,3.174
3416760062521,3416758062521,3416.760062521,3416.758062521,-0.137,0.045,0.994,-2.625,-60.242,2.93
3416770096326,3416768096326,3416.770096326,3416.768096326,-0.137,0.045,0.994,-2.38,-52.979,2.686
3416781064621,3416779064621,3416.781064621,3416.779064621,-0.137,0.045,0.994,-1.892,-42.48,2.197
3416791066343,3416789066343,3416.791066343,3416.789066343,-0.137,0.045,0.994,-1.404,-30.823,1.587
3416802079553,3416800079553,3416.802079553,3416.800079553,-0.137,0.045,0.994,-0.732,-16.357,0.977
3416812068151,3416810068151,3416.812068151,3416.810068151,-0.137,0.045,0.994,-0.061,-2.625,0.061
3416823089236,3416821089236,3416.823089236,3416.821089236,-0.137,0.045,0.994,0.488,10.925,-0.61
3416833075500,3416831075500,3416.8330755,3416.8310755,-0.116,0.044,0.993,1.16,24.902,-1.404
3416844050503,3416842050503,3416.844050503,3416.842050503,-0.116,0.044,0.993,1.648,36.255,-2.014
3416854069725,3416852069725,3416.854069725,3416.852069725,-0.116,0.044,0.993,2.075,46.509,-2.563
3416864063280,3416862063280,3416.86406328,3416.86206328,-0.116,0.044,0.993,2.441,53.528,-2.93
3416875066574,3416873066574,3416.875066574,3416.873066574,-0.116,0.044,0.993,2.747,58.228,-3.113
3416885062755,3416883062755,3416.885062755,3416.883062755,-0.116,0.044,0.993,2.869,59.631,-3.235
3416896064882,3416894064882,3416.896064882,3416.894064882,-0.116,0.044,0.993,2.808,57.8,-3.235
3416906101021,3416904101021,3416.906101021,3416.904101021,-0.116,0.044,0.993,2.502,52.612,-2.991
3416917112773,3416915112773,3416.917112773,3416.915112773,-0.116,0.044,0.993,2.014,44.189,-2.502
3416927077162,3416925077162,3416.927077162,3416.925077162,-0.116,0.044,0.993,1.404,32.104,-1.709
3416938113998,3416936113998,3416.938113998,3416.936113998,-0.116,0.044,0.993,0.793,19.409,-0.916
3416948048054,3416946048054,3416.948048054,3416.946048054,-0.116,0.044,0.993,0.122,4.822,0.0
3416958085067,3416956085067,3416.958085067,3416.956085067,-0.062,0.043,0.99,-0.427,-8.057,0.854
3416969098861,3416967098861,3416.969098861,3416.967098861,-0.062,0.043,0.99,-0.916,-20.691,1.465
3416979080167,3416977080167,3416.979080167,3416.977080167,-0.062,0.043,0.99,-1.343,-30.457,1.77
3416990088419,3416988088419,3416.990088419,3416.988088419,-0.062,0.043,0.99,-1.709,-39.001,2.075
3417000143807,3416998143807,3417.000143807,3416.998143807,-0.062,0.043,0.99,-2.014,-44.556,2.258
3417011065727,3417009065727,3417.011065727,3417.009065727,-0.062,0.043,0.99,-2.258,-47.913,2.563
3417021001533,3417019001533,3417.021001533,3417.019001533,-0.062,0.043,0.99,-2.258,-48.218,2.319
3417032011827,3417030011827,3417.032011827,3417.030011827,-0.062,0.043,0.99,-2.075,-45.959,2.197
3417042062257,3417040062257,3417.042062257,3417.040062257,-0.062,0.043,0.99,-1.831,-40.527,1.953
3417052058438,3417050058438,3417.052058438,3417.050058438,-0.062,0.043,0.99,-1.465,-33.386,1.648
3417063044815,3417061044815,3417.063044815,3417.061044815,-0.062,0.043,0.99,-0.977,-23.315,1.16
3417073090579,3417071090579,3417.073090579,3417.071090579,-0.062,0.043,0.99,-0.488,-12.756,0.549
3417084060623,3417082060623,3417.084060623,3417.082060623,-0.13,0.045,0.998,0.0,-0.488,0.122
3417094105220,3417092105220,3417.09410522,3417.09210522,-0.13,0.045,0.998,0.427,10.62,-0.549
3417110223707,3417108223707,3417.110223707,3417.108223707,-0.13,0.045,0.998,0.977,22.278,-0.977
3417115047403,3417113047403,3417.115047403,3417.113047403,-0.13,0.045,0.998,1.404,31.86,-1.648
3417125046292,3417123046292,3417.125046292,3417.123046292,-0.13,0.045,0.998,1.831,39.978,-2.075
3417136094211,3417134094211,3417.136094211,3417.134094211,-0.13,0.045,0.998,2.197,46.57,-2.258
3417146030017,3417144030017,3417.146030017,3417.144030017,-0.13,0.045,0.998,2.441,50.11,-2.747
3417156106988,3417154106988,3417.156106988,3417.154106988,-0.13,0.045,0.998,2.441,50.72,-2.869
3417166065544,3417164065544,3417.166065544,3417.164065544,-0.13,0.045,0.998,2.258,48.279,-2.747
3417176063182,3417174063182,3417.176063182,3417.174063182,-0.13,0.045,0.998,1.953,43.03,-2.502
3417186063154,3417184063154,3417.186063154,3417.184063154,-0.13,0.045,0.998,1.587,35.034,-2.075
3417196079168,3417194079168,3417.196079168,3417.194079168,-0.13,0.045,0.998,1.099,24.902,-1.465
3417206080307,3417204080307,3417.206080307,3417.204080307,-0.13,0.045,0.998,0.61,13.489,-0.793
3417216063362,3417214063362,3417.216063362,3417.214063362,-0.07,0.043,0.99,0.061,1.892,-0.183
3417227074240,3417225074240,3417.22707424,3417.22507424,-0.07,0.043,0.99,-0.366,-9.033,0.305
3417237057587,3417235057587,3417.237057587,3417.235057587,-0.07,0.043,0.99,-0.793,-18.86,0.854
3417247060476,3417245060476,3417.247060476,3417.245060476,-0.07,0.043,0.99,-1.099,-26.978,1.282
3417257063948,3417255063948,3417.257063948,3417.255063948,-0.07,0.043,0.99,-1.465,-33.63,1.831
3417267075294,3417265075294,3417.267075294,3417.265075294,-0.07,0.043,0.99,-1.648,-37.048,1.831
3417277081391,3417275081391,3417.277081391,3417.275081391,-0.07,0.043,0.99,-1.77,-37.659,1.892
3417287063572,3417285063572,3417.287063572,3417.285063572,-0.07,0.043,0.99,-1.648,-35.461,1.77
3417297059461,3417295059461,3417.297059461,3417.295059461,-0.07,0.043,0.99,-1.465,-30.64,1.526
3417307068474,3417305068474,3417.307068474,3417.305068474,-0.07,0.043,0.99,-1.099,-23.438,1.099
3417317052988,3417315052988,3417.317052988,3417.315052988,-0.07,0.043,0.99,-0.671,-14.404,0.549
3417327060252,3417325060252,3417.327060252,3417.325060252,-0.07,0.043,0.99,-0.122,-4.517,0.0
3417337054974,3417335054974,3417.337054974,3417.335054974,-0.136,0.045,0.996,0.305,5.188,-0.427
3417347065737,3417345065737,3417.347065737,3417.345065737,-0.136,0.045,0.996,0.732,14.221,-0.916
3417358061157,3417356061157,3417.358061157,3417.356061157,-0.136,0.045,0.996,1.099,22.034,-1.282
3417368061712,3417366061712,3417.368061712,3417.366061712,-0.136,0.045,0.996,1.404,28.076,-1.648
3417378090267,3417376090267,3417.378090267,3417.376090267,-0.136,0.045,0.996,1.587,32.104,-1.953
3417388058156,3417386058156,3417.388058156,3417.386058156,-0.136,0.045,0.996,1.587,32.715,-2.014
3417398096336,3417396096336,3417.398096336,3417.396096336,-0.136,0.045,0.996,1.465,30.09,-1.892
3417408051100,3417406051100,3417.4080511,3417.4060511,-0.136,0.045,0.996,1.16,24.292,-1.587
3417418056906,3417416056906,3417.418056906,3417.416056906,-0.136,0.045,0.996,0.793,15.747,-1.099
3417428074961,3417426074961,3417.428074961,3417.426074961,-0.136,0.045,0.996,0.244,5.371,-0.427
3417438066183,3417436066183,3417.438066183,3417.436066183,-0.136,0.045,0.996,-0.183,-5.554,0.122
3417448057113,3417446057113,3417.448057113,3417.446057113,-0.136,0.045,0.996,-0.671,-15.991,0.671
3417458066127,3417456066127,3417.458066127,3417.456066127,-0.136,0.045,0.996,-1.038,-25.33,1.099
3417468052391,3417466052391,3417.468052391,3417.466052391,-0.101,0.044,0.992,-1.465,-33.386,1.526
3417479055685,3417477055685,3417.479055685,3417.477055685,-0.101,0.044,0.992,-1.77,-39.673,1.892
3417489058574,3417487058574,3417.489058574,3417.487058574,-0.101,0.044,0.992,-2.075,-44.128,2.136
3417499067879,3417497067879,3417.499067879,3417.497067879,-0.101,0.044,0.992,-2.136,-45.654,2.197
3417509073393,3417507073393,3417.509073393,3417.507073393,-0.101,0.044,0.992,-2.014,-44.861,2.136
3417519057031,3417517057031,3417.519057031,3417.517057031,-0.101,0.044,0.992,-1.831,-41.87,2.014
3417529053212,3417527053212,3417.529053212,3417.527053212,-0.101,0.044,0.992,-1.587,-36.743,1.831
3417539056976,3417537056976,3417.539056976,3417.537056976,-0.101,0.044,0.992,-1.282,-29.541,1.465
3417549090197,3417547090197,3417.549090197,3417.547090197,-0.101,0.044,0.992,-0.916,-20.691,0.977
3417559029795,3417557029795,3417.559029795,3417.557029795,-0.101,0.044,0.992,-0.427,-10.742,0.427
3417569054558,3417567054558,3417.569054558,3417.567054558,-0.101,0.044,0.992,0.0,-0.061,-0.061
3417579061822,3417577061822,3417.579061822,3417.577061822,-0.101,0.044,0.992,0.488,10.62,-0.671
3417590054616,3417588054616,3417.590054616,3417.588054616,-0.102,0.044,0.996,0.916,20.752,-1.221
3417600061880,3417598061880,3417.60006188,3417.59806188,-0.102,0.044,0.996,1.343,30.823,-1.587
3417610073227,3417608073227,3417.610073227,3417.608073227,-0.102,0.044,0.996,1.77,38.33,-2.197
3417620054824,3417618054824,3417.620054824,3417.618054824,-0.102,0.044,0.996,2.075,43.457,-2.441
3417630117795,3417628117795,3417.630117795,3417.628117795,-0.102,0.044,0.996,2.197,46.021,-2.563
3417640088018,3417638088018,3417.640088018,3417.638088018,-0.102,0.044,0.996,2.258,45.959,-2.625
3417650088865,3417648088865,3417.650088865,3417.648088865,-0.102,0.044,0.996,2.075,42.908,-2.502
3417660106628,3417658106628,3417.660106628,3417.658106628,-0.102,0.044,0.996,1.77,36.926,-2.136
3417670023185,3417668023185,3417.670023185,3417.668023185,-0.102,0.044,0.996,1.343,28.687,-1.648
3417681033770,3417679033770,3417.68103377,3417.67903377,-0.102,0.044,0.996,0.854,18.982,-1.16
3417691113075,3417689113075,3417.691113075,3417.689113075,-0.102,0.044,0.996,0.366,8.301,-0.61
3417701093505,3417699093505,3417.701093505,3417.699093505,-0.102,0.044,0.996,-0.122,-3.906,0.122
3417711088227,3417709088227,3417.711088227,3417.709088227,-0.102,0.044,0.996,-0.61,-14.893,0.488
3417721098699,3417719098699,3417.721098699,3417.719098699,-0.078,0.043,0.993,-1.099,-25.024,1.038
3417731093421,3417729093421,3417.731093421,3417.729093421,-0.078,0.043,0.993,-1.526,-33.691,1.526
3417741091060,3417739091060,3417.74109106,3417.73909106,-0.078,0.043,0.993,-1.892,-40.344,1.892
3417751088407,3417749088407,3417.751088407,3417.749088407,-0.078,0.043,0.993,-2.136,-44.739,2.136
3417761098004,3417759098004,3417.761098004,3417.759098004,-0.078,0.043,0.993,-2.136,-46.448,2.197
3417771100601,3417769100601,3417.771100601,3417.769100601,-0.078,0.043,0.993,-2.014,-45.532,2.136
3417781115740,3417779115740,3417.78111574,3417.77911574,-0.078,0.043,0.993,-1.831,-42.297,2.014
3417791111337,3417789111337,3417.791111337,3417.789111337,-0.078,0.043,0.993,-1.587,-36.926,1.831
3417802089840,3417800089840,3417.80208984,3417.80008984,-0.078,0.043,0.993,-1.282,-29.358,1.465
3417812116936,3417810116936,3417.812116936,3417.810116936,-0.078,0.043,0.993,-0.854,-20.02,0.977
3417822096784,3417820096784,3417.822096784,3417.820096784,-0.078,0.043,0.993,-0.305,-7.935,0.549
3417832088589,3417830088589,3417.832088589,3417.830088589,-0.078,0.043,0.993,0.122,3.845,-0.183
3417842113936,3417840113936,3417.842113936,3417.840113936,-0.078,0.043,0.993,0.671,15.869,-0.793
3417852096991,3417850096991,3417.852096991,3417.850096991,-0.105,0.044,0.997,1.221,27.71,-1.465
3417862105713,3417860105713,3417.862105713,3417.860105713,-0.105,0.044,0.997,1.709,38.452,-2.075
3417872098102,3417870098102,3417.872098102,3417.870098102,-0.105,0.044,0.997,2.136,47.241,-2.563
3417882088157,3417880088157,3417.882088157,3417.880088157,-0.105,0.044,0.997,2.502,53.711,-2.869
3417892152587,3417890152587,3417.892152587,3417.890152587,-0.105,0.044,0.997,2.747,57.617,-3.113
3417902087518,3417900087518,3417.902087518,3417.900087518,-0.105,0.044,0.997,2.808,58.472,-3.235
3417912149323,3417910149323,3417.912149323,3417.910149323,-0.105,0.044,0.997,2.625,56.03,-3.174
3417923069785,3417921069785,3417.923069785,3417.921069785,-0.105,0.044,0.997,2.319,50.293,-2.869
3417933083465,3417931083465,3417.933083465,3417.931083465,-0.105,0.044,0.997,1.892,41.687,-2.319
3417943113478,3417941113478,3417.943113478,3417.941113478,-0.105,0.044,0.997,1.343,29.968,-1.526
3417953107909,3417951107909,3417.953107909,3417.951107909,-0.105,0.044,0.997,0.793,18.005,-1.038
3417963104672,3417961104672,3417.963104672,3417.961104672,-0.105,0.044,0.997,0.244,5.249,-0.427
3417973081311,3417971081311,3417.973081311,3417.971081311,-0.073,0.043,0.991,-0.244,-7.568,0.122
3417983099658,3417981099658,3417.983099658,3417.981099658,-0.073,0.043,0.991,-0.793,-19.897,0.732
3417993096714,3417991096714,3417.993096714,3417.991096714,-0.073,0.043,0.991,-1.282,-31.433,1.282
3418003103686,3418001103686,3418.003103686,3418.001103686,-0.073,0.043,0.991,-1.709,-41.626,1.831
3418013051741,3418011051741,3418.013051741,3418.011051741,-0.073,0.043,0.991,-2.136,-50.232,2.319
3418024092369,3418022092369,3418.024092369,3418.022092369,-0.073,0.043,0.991,-2.563,-56.824,2.686
3418034086216,3418032086216,3418.034086216,3418.032086216,-0.073,0.043,0.991,-2.808,-60.791,2.93
3418044090563,3418042090563,3418.044090563,3418.042090563,-0.073,0.043,0.991,-2.808,-61.462,2.93
3418054083826,3418052083826,3418.054083826,3418.052083826,-0.073,0.043,0.991,-2.625,-59.021,2.869
3418064123756,3418062123756,3418.064123756,3418.062123756,-0.073,0.043,0.991,-2.441,-53.955,2.747
3418074086395,3418072086395,3418.074086395,3418.072086395,-0.073,0.043,0.991,-2.075,-46.021,2.38
3418084083743,3418082083743,3418.084083743,3418.082083743,-0.073,0.043,0.991,-1.587,-35.4,1.77
3418094083715,3418092083715,3418.094083715,3418.092083715,-0.073,0.043,0.991,-1.038,-23.01,1.038
3418104085145,3418102085145,3418.104085145,3418.102085145,-0.136,0.045,0.999,-0.427,-9.766,0.366
3418114082784,3418112082784,3418.114082784,3418.112082784,-0.136,0.045,0.999,0.183,3.662,-0.305
3418124087131,3418122087131,3418.124087131,3418.122087131,-0.136,0.045,0.999,0.793,16.602,-0.977
3418134092061,3418132092061,3418.134092061,3418.132092061,-0.136,0.045,0.999,1.282,28.381,-1.587
3418145088064,3418143088064,3418.145088064,3418.143088064,-0.136,0.045,0.999,1.77,39.307,-2.014
3418155106119,3418153106119,3418.155106119,3418.153106119,-0.136,0.045,0.999,2.136,47.058,-2.625
3418165081008,3418163081008,3418.165081008,3418.163081008,-0.136,0.045,0.999,2.441,52.185,-2.869
3418175095855,3418173095855,3418.175095855,3418.173095855,-0.136,0.045,0.999,2.563,54.26,-2.93
3418185095535,3418183095535,3418.185095535,3418.183095535,-0.136,0.045,0.999,2.563,53.65,-2.869
3418195120590,3418193120590,3418.19512059,3418.19312059,-0.136,0.045,0.999,2.441,50.293,-2.747
3418206109884,3418204109884,3418.206109884,3418.204109884,-0.136,0.045,0.999,2.075,43.945,-2.441
3418216094107,3418214094107,3418.216094107,3418.214094107,-0.136,0.045,0.999,1.587,34.18,-1.892
3418226039829,3418224039829,3418.226039829,3418.224039829,-0.046,0.042,0.988,1.099,23.804,-1.343
3418236115342,3418234115342,3418.236115342,3418.234115342,-0.046,0.042,0.988,0.549,12.512,-0.793
3418247093553,3418245093553,3418.247093553,3418.245093553,-0.046,0.042,0.988,0.061,0.671,-0.183
3418257084775,3418255084775,3418.257084775,3418.255084775,-0.046,0.042,0.988,-0.488,-12.207,0.366
3418267415785,3418265415785,3418.267415785,3418.265415785,-0.046,0.042,0.988,-0.977,-23.376,0.977
3418281359338,3418279359338,3418.281359338,3418.279359338,-0.046,0.042,0.988,-1.648,-37.17,1.709
3418294014323,3418292014323,3418.294014323,3418.292014323,-0.046,0.042,0.988,-2.136,-46.692,2.258
3418304052503,3418302052503,3418.304052503,3418.302052503,-0.046,0.042,0.988,-2.38,-51.331,2.441
3418314049850,3418312049850,3418.31404985,3418.31204985,-0.046,0.042,0.988,-2.38,-53.345,2.502
3418324045738,3418322045738,3418.324045738,3418.322045738,-0.046,0.042,0.988,-2.319,-53.04,2.563
3418335105324,3418333105324,3418.335105324,3418.333105324,-0.046,0.042,0.988,-2.258,-50.049,2.686
3418345052213,3418343052213,3418.345052213,3418.343052213,-0.046,0.042,0.988,-2.014,-44.434,2.319
3418355077851,3418353077851,3418.355077851,3418.353077851,-0.129,0.045,1.001,-1.648,-36.194,1.831
3418365067907,3418363067907,3418.365067907,3418.363067907,-0.129,0.045,1.001,-1.16,-25.696,1.282
3418376130992,3418374130992,3418.376130992,3418.374130992,-0.129,0.045,1.001,-0.61,-13.428,0.671
3418386102089,3418384102089,3418.386102089,3418.384102089,-0.129,0.045,1.001,0.061,1.16,-0.061
3418396086312,3418394086312,3418.396086312,3418.394086312,-0.129,0.045,1.001,0.671,14.404,-0.793
3418406062659,3418404062659,3418.406062659,3418.404062659,-0.129,0.045,1.001,1.221,26.978,-1.465
3418417097161,3418415097161,3418.417097161,3418.415097161,-0.129,0.045,1.001,1.709,38.269,-2.075
3418426996217,3418424996217,3418.426996217,3418.424996217,-0.129,0.045,1.001,2.197,48.767,-2.625
3418437055981,3418435055981,3418.437055981,3418.435055981,-0.129,0.045,1.001,2.563,55.969,-2.991
3418447139952,3418445139952,3418.447139952,3418.445139952,-0.129,0.045,1.001,2.808,60.364,-3.174
3418458621574,3418456621574,3418.458621574,3418.456621574,-0.129,0.045,1.001,2.93,62.256,-3.174
3418472371754,3418470371754,3418.472371754,3418.470371754,-0.129,0.045,1.001,2.869,60.974,-3.357
3418478948764,3418476948764,3418.478948764,3418.476948764,-0.042,0.042,0.988,2.625,56.519,-3.174
3418489072985,3418487072985,3418.489072985,3418.487072985,-0.042,0.042,0.988,2.197,48.035,-2.686
3418499045832,3418497045832,3418.499045832,3418.497045832,-0.042,0.042,0.988,1.709,37.903,-2.136
3418509040554,3418507040554,3418.509040554,3418.507040554,-0.042,0.042,0.988,1.16,26.123,-1.526
3418519083109,3418517083109,3418.519083109,3418.517083109,-0.042,0.042,0.988,0.61,13.123,-0.854
3418529948155,3418527948155,3418.529948155,3418.527948155,-0.042,0.042,0.988,0.0,-1.709,-0.061
3418540042334,3418538042334,3418.540042334,3418.538042334,-0.042,0.042,0.988,-0.549,-15.198,0.488
3418556456277,3418554456277,3418.556456277,3418.554456277,-0.042,0.042,0.988,-1.099,-28.015,1.099
3418565206179,3418563206179,3418.565206179,3418.563206179,-0.042,0.042,0.988,-1.77,-43.03,2.075
3418572959468,3418570959468,3418.572959468,3418.570959468,-0.042,0.042,0.988,-2.319,-52.612,2.441
3418583013106,3418581013106,3418.583013106,3418.581013106,-0.042,0.042,0.988,-2.747,-60.059,2.869
3418594042358,3418592042358,3418.594042358,3418.592042358,-0.042,0.042,0.988,-2.991,-64.758,3.113
3418604017831,3418602017831,3418.604017831,3418.602017831,-0.139,0.045,1.0,-2.991,-66.467,3.174
3418614060969,3418612060969,3418.614060969,3418.612060969,-0.139,0.045,1.0,-2.93,-65.125,3.235
3418624044024,3418622044024,3418.624044024,3418.622044024,-0.139,0.045,1.0,-2.808,-61.218,3.113
3418634994527,3418632994527,3418.634994527,3418.632994527,-0.139,0.045,1.0,-2.502,-54.382,2.808
3418645119331,3418643119331,3418.645119331,3418.643119331,-0.139,0.045,1.0,-1.953,-43.579,2.197
3418655179969,3418653179969,3418.655179969,3418.653179969,-0.139,0.045,1.0,-1.404,-31.616,1.587
3418665150775,3418663150775,3418.665150775,3418.663150775,-0.139,0.045,1.0,-0.793,-18.311,0.854
3418676167486,3418674167486,3418.676167486,3418.674167486,-0.139,0.045,1.0,-0.122,-4.395,0.061
3418686082000,3418684082000,3418.686082,3418.684082,-0.139,0.045,1.0,0.488,10.437,-0.61
3418696467260,3418694467260,3418.69646726,3418.69446726,-0.139,0.045,1.0,1.038,22.644,-1.221
3418707007684,3418705007684,3418.707007684,3418.705007684,-0.139,0.045,1.0,1.526,33.447,-1.831
3418717107572,3418715107572,3418.717107572,3418.715107572,-0.139,0.045,1.0,2.014,43.213,-2.441
3418727063378,3418725063378,3418.727063378,3418.725063378,-0.139,0.045,1.0,2.258,49.5,-2.869
3418737013475,3418735013475,3418.737013475,3418.735013475,-0.056,0.042,0.99,2.441,52.856,-3.052
3418748080935,3418746080935,3418.748080935,3418.746080935,-0.056,0.042,0.99,2.502,53.223,-2.991
3418758042408,3418756042408,3418.758042408,3418.756042408,-0.056,0.042,0.99,2.441,50.171,-2.747
3418768046755,3418766046755,3418.768046755,3418.766046755,-0.056,0.042,0.99,2.197,44.495,-2.441
3418777995102,3418775995102,3418.777995102,3418.775995102,-0.056,0.042,0.99,1.831,36.316,-2.014
3418789010938,3418787010938,3418.789010938,3418.787010938,-0.056,0.042,0.99,1.343,25.94,-1.526
3418799022577,3418797022577,3418.799022577,3418.797022577,-0.056,0.042,0.99,0.671,12.939,-0.854
3418808994841,3418806994841,3418.808994841,3418.806994841,-0.056,0.042,0.99,0.061,0.366,-0.244
3418818991604,3418816991604,3418.818991604,3418.816991604,-0.056,0.042,0.99,-0.488,-11.963,0.305
3418828991868,3418826991868,3418.828991868,3418.826991868,-0.056,0.042,0.99,-1.038,-23.621,0.916
3418840061953,3418838061953,3418.840061953,3418.838061953,-0.056,0.042,0.99,-1.648,-34.79,1.648
3418850045592,3418848045592,3418.850045592,3418.848045592,-0.056,0.042,0.99,-1.953,-42.603,1.892
3418860073856,3418858073856,3418.860073856,3418.858073856,-0.084,0.044,0.999,-2.136,-47.791,2.075
3418870367824,3418868367824,3418.870367824,3418.868367824,-0.084,0.044,0.999,-2.258,-50.415,2.319
3418882385816,3418880385816,3418.882385816,3418.880385816,-0.084,0.044,0.999,-2.258,-49.805,2.502
3418895009300,3418893009300,3418.8950093,3418.8930093,-0.084,0.044,0.999,-2.075,-44.922,2.319
3418905062063,3418903062063,3418.905062063,3418.903062063,-0.084,0.044,0.999,-1.709,-37.048,1.892
3418915038119,3418913038119,3418.915038119,3418.913038119,-0.084,0.044,0.999,-1.282,-27.588,1.465
3418925989205,3418923989205,3418.925989205,3418.923989205,-0.084,0.044,0.999,-0.732,-16.357,0.916
3418935992094,3418933992094,3418.935992094,3418.933992094,-0.084,0.044,0.999,-0.122,-2.625,0.244
3418946005774,3418944005774,3418.946005774,3418.944005774,-0.084,0.044,0.999,0.427,10.498,-0.305
3418956010704,3418954010704,3418.956010704,3418.954010704,-0.084,0.044,0.999,1.038,23.743,-0.977
3418967041998,3418965041998,3418.967041998,3418.965041998,-0.084,0.044,0.999,1.648,36.499,-1.709
3418977068220,3418975068220,3418.97706822,3418.97506822,-0.084,0.044,0.999,2.197,49.377,-2.441
3418987061775,3418985061775,3418.987061775,3418.985061775,-0.062,0.043,0.993,2.686,59.509,-2.991
3418997039289,3418995039289,3418.997039289,3418.995039289,-0.062,0.043,0.993,3.113,67.688,-3.418
3419008087500,3419006087500,3419.0080875,3419.0060875,-0.062,0.043,0.993,3.418,73.73,-3.723
3419018041097,3419016041097,3419.018041097,3419.016041097,-0.062,0.043,0.993,3.601,77.576,-3.967
3419028094444,3419026094444,3419.028094444,3419.026094444,-0.062,0.043,0.993,3.54,77.82,-4.028
3419037992042,3419035992042,3419.037992042,3419.035992042,-0.062,0.043,0.993,3.296,74.707,-3.723
3419049016044,3419047016044,3419.049016044,3419.047016044,-0.062,0.043,0.993,2.991,68.42,-3.296
3419058946309,3419056946309,3419.058946309,3419.056946309,-0.062,0.043,0.993,2.502,58.228,-2.686
3419068990322,3419066990322,3419.068990322,3419.066990322,-0.062,0.043,0.993,1.953,46.387,-2.136
3419078992044,3419076992044,3419.078992044,3419.076992044,-0.062,0.043,0.993,1.404,32.654,-1.526
3419090029754,3419088029754,3419.090029754,3419.088029754,-0.062,0.043,0.993,0.732,17.334,-0.854
3419100436014,3419098436014,3419.100436014,3419.098436014,-0.062,0.043,0.993,0.0,-0.61,-0.061
3419112019426,3419110019426,3419.112019426,3419.110019426,-0.096,0.044,0.992,-0.793,-20.569,0.793
3419122078314,3419120078314,3419.122078314,3419.120078314,-0.096,0.044,0.992,-1.465,-36.804,1.526
3419132057287,3419130057287,3419.132057287,3419.130057287,-0.096,0.044,0.992,-2.136,-52.185,2.319
3419143006331,3419141006331,3419.143006331,3419.141006331,-0.096,0.044,0.992,-2.747,-65.918,3.052
3419153006887,3419151006887,3419.153006887,3419.151006887,-0.096,0.044,0.992,-3.357,-78.735,3.662
3419163045942,3419161045942,3419.163045942,3419.161045942,-0.096,0.044,0.992,-3.906,-88.074,4.211
3419173063413,3419171063413,3419.173063413,3419.171063413,-0.096,0.044,0.992,-4.272,-94.238,4.639
3419184029666,3419182029666,3419.184029666,3419.182029666,-0.096,0.044,0.992,-4.333,-96.619,4.7
3419194138429,3419192138429,3419.194138429,3419.192138429,-0.096,0.044,0.992,-4.333,-95.337,4.944
3419204994725,3419202994725,3419.204994725,3419.202994725,-0.096,0.044,0.992,-4.089,-89.478,4.578
3419216027769,3419214027769,3419.216027769,3419.214027769,-0.096,0.044,0.992,-3.601,-79.834,4.089
3419226028616,3419224028616,3419.226028616,3419.224028616,-0.096,0.044,0.992,-2.93,-65.979,3.296
3419235983963,3419233983963,3419.235983963,3419.233983963,-0.096,0.044,0.992,-2.258,-51.392,2.502
3419246971216,3419244971216,3419.246971216,3419.244971216,-0.159,0.045,0.998,-1.526,-35.217,1.648
3419257059854,3419255059854,3419.257059854,3419.255059854,-0.159,0.045,0.998,-0.671,-16.541,0.793
3419267069742,3419265069742,3419.267069742,3419.265069742,-0.159,0.045,0.998,0.061,0.061,-0.183
3419277038215,3419275038215,3419.277038215,3419.275038215,-0.159,0.045,0.998,0.793,15.564,-0.977
3419287065311,3419285065311,3419.287065311,3419.285065311,-0.159,0.045,0.998,1.404,29.48,-1.709
3419298005606,3419296005606,3419.298005606,3419.296005606,-0.159,0.045,0.998,1.892,41.199,-2.38
3419308056911,3419306056911,3419.308056911,3419.306056911,-0.159,0.045,0.998,2.38,50.781,-2.869
3419318033550,3419316033550,3419.31803355,3419.31603355,-0.159,0.045,0.998,2.625,55.847,-3.113
3419328030897,3419326030897,3419.328030897,3419.326030897,-0.159,0.045,0.998,2.686,57.434,-3.174
3419338999192,3419336999192,3419.338999192,3419.336999192,-0.159,0.045,0.998,2.625,55.237,-2.93
3419348983997,3419346983997,3419.348983997,3419.346983997,-0.159,0.045,0.998,2.319,49.561,-2.808
3419359001177,3419357001177,3419.359001177,3419.357001177,-0.159,0.045,0.998,1.892,40.771,-2.319
3419368981025,3419366981025,3419.368981025,3419.366981025,0.004,0.041,0.983,1.404,29.419,-1.831
3419380075318,3419378075318,3419.380075318,3419.378075318,0.004,0.041,0.983,0.793,16.113,-1.221
3419390088706,3419388088706,3419.390088706,3419.388088706,0.004,0.041,0.983,0.122,0.305,-0.61
3419400030054,3419398030054,3419.400030054,3419.398030054,0.004,0.041,0.983,-0.427,-14.343,0.0
3419410035276,3419408035276,3419.410035276,3419.408035276,0.004,0.041,0.983,-1.099,-28.87,0.732
3419421060153,3419419060153,3419.421060153,3419.419060153,0.004,0.041,0.983,-1.77,-42.664,1.526
3419430992751,3419428992751,3419.430992751,3419.428992751,0.004,0.041,0.983,-2.441,-55.847,2.38
3419447016739,3419445016739,3419.447016739,3419.445016739,0.004,0.041,0.983,-2.869,-65.247,2.869
3419453403585,3419451403585,3419.453403585,3419.451403585,0.004,0.041,0.983,-3.235,-72.327,3.296
3419462109155,3419460109155,3419.462109155,3419.460109155,0.004,0.041,0.983,-3.418,-76.05,3.479
3419472982367,3419470982367,3419.472982367,3419.470982367,0.004,0.041,0.983,-3.418,-76.294,3.479
3419483074796,3419481074796,3419.483074796,3419.481074796,0.004,0.041,0.983,-2.93,-70.007,2.808
3419493048519,3419491048519,3419.493048519,3419.491048519,-0.081,0.044,1.011,-2.197,-58.411,1.77
3419503086407,3419501086407,3419.503086407,3419.501086407,-0.081,0.044,1.011,-1.465,-42.664,0.916
3419512980213,3419510980213,3419.512980213,3419.510980213,-0.081,0.044,1.011,-0.793,-24.048,0.244
3419524042424,3419522042424,3419.524042424,3419.522042424,-0.081,0.044,1.011,-0.122,-1.404,0.183
3419534096353,3419532096353,3419.534096353,3419.532096353,-0.081,0.044,1.011,0.427,17.395,0.061
3419544063076,3419542063076,3419.544063076,3419.542063076,-0.081,0.044,1.011,0.977,33.325,0.0
3419560148897,3419558148897,3419.560148897,3419.558148897,-0.081,0.044,1.011,1.587,47.241,-0.549
3419570956485,3419568956485,3419.570956485,3419.568956485,-0.081,0.044,1.011,2.563,61.768,-1.892
3419576384049,3419574384049,3419.576384049,3419.574384049,-0.081,0.044,1.011,3.296,74.829,-3.296
3419587071764,3419585071764,3419.587071764,3419.585071764,-0.081,0.044,1.011,3.784,84.473,-4.089
3419597069402,3419595069402,3419.597069402,3419.595069402,-0.081,0.044,1.011,4.089,90.698,-4.517
3419606985667,3419604985667,3419.606985667,3419.604985667,-0.081,0.044,1.011,4.333,94.666,-5.005
3419618105627,3419616105627,3419.618105627,3419.616105627,-0.081,0.044,1.011,4.395,95.52,-5.127
3419628067391,3419626067391,3419.628067391,3419.626067391,0.036,0.041,0.978,4.272,91.98,-4.7
3419638025947,3419636025947,3419.638025947,3419.636025947,0.036,0.041,0.978,3.906,85.205,-4.211
3419647978669,3419645978669,3419.647978669,3419.645978669,0.036,0.041,0.978,3.418,75.256,-3.601
3419659022796,3419657022796,3419.659022796,3419.657022796,0.036,0.041,0.978,2.747,62.256,-2.808
3419669069726,3419667069726,3419.669069726,3419.667069726,0.036,0.041,0.978,1.892,44.8,-1.465
3419685171005,3419683171005,3419.685171005,3419.683171005,0.036,0.041,0.978,1.099,27.954,-0.61
3419696014760,3419694014760,3419.69601476,3419.69401476,0.036,0.041,0.978,0.0,-0.122,0.305
3419707076386,3419705076386,3419.707076386,3419.705076386,0.036,0.041,0.978,-0.671,-16.418,0.854
3419717018609,3419715018609,3419.717018609,3419.715018609,0.036,0.041,0.978,-1.343,-31.738,1.526
3419727026748,3419725026748,3419.727026748,3419.725026748,0.036,0.041,0.978,-2.014,-46.814,2.136
3419737068428,3419735068428,3419.737068428,3419.735068428,0.036,0.041,0.978,-2.563,-58.655,2.747
3419747085024,3419745085024,3419.747085024,3419.745085024,-0.115,0.045,1.002,-3.113,-68.237,3.235
3419758070236,3419756070236,3419.758070236,3419.756070236,-0.115,0.045,1.002,-3.418,-74.646,3.54
3419768022666,3419766022666,3419.768022666,3419.766022666,-0.115,0.045,1.002,-3.479,-78.186,3.662
3419778077763,3419776077763,3419.778077763,3419.776077763,-0.115,0.045,1.002,-3.54,-78.735,3.845
3419788394481,3419786394481,3419.788394481,3419.786394481,-0.115,0.045,1.002,-3.479,-76.294,3.784
3419802832404,3419800832404,3419.802832404,3419.800832404,-0.115,0.045,1.002,-3.174,-70.801,3.418
3419809007210,3419807007210,3419.80900721,3419.80700721,-0.115,0.045,1.002,-2.747,-62.378,3.052
3419819018849,3419817018849,3419.819018849,3419.817018849,-0.115,0.045,1.002,-2.319,-53.528,2.441
3419829019987,3419827019987,3419.829019987,3419.827019987,-0.115,0.045,1.002,-1.892,-43.701,1.892
3419839023168,3419837023168,3419.839023168,3419.837023168,-0.115,0.045,1.002,-1.465,-33.875,1.404
3419850115419,3419848115419,3419.850115419,3419.848115419,-0.115,0.045,1.002,-1.038,-24.475,0.977
3419860080975,3419858080975,3419.860080975,3419.858080975,-0.115,0.045,1.002,-0.61,-14.771,0.549
3419870354819,3419868354819,3419.870354819,3419.868354819,-0.115,0.045,1.002,-0.244,-6.165,0.183
3419883310800,3419881310800,3419.8833108,3419.8813108,-0.081,0.043,0.997,0.244,5.249,-0.244
3419892986442,3419890986442,3419.892986442,3419.890986442,-0.081,0.043,0.997,0.671,14.282,-0.671
3419902979414,3419900979414,3419.902979414,3419.900979414,-0.081,0.043,0.997,1.038,23.376,-1.16
3419913038011,3419911038011,3419.913038011,3419.911038011,-0.081,0.043,0.997,1.465,32.654,-1.648
3419923040899,3419921040899,3419.923040899,3419.921040899,-0.081,0.043,0.997,1.831,41.443,-2.136
3419932980789,3419930980789,3419.932980789,3419.930980789,-0.081,0.043,0.997,2.197,49.255,-2.563
3419942974344,3419940974344,3419.942974344,3419.940974344,-0.081,0.043,0.997,2.502,55.786,-2.869
3419953080773,3419951080773,3419.953080773,3419.951080773,-0.081,0.043,0.997,2.808,60.608,-3.174
3419963097662,3419961097662,3419.963097662,3419.961097662,-0.081,0.043,0.997,2.93,63.232,-3.418
3419974084040,3419972084040,3419.97408404,3419.97208404,-0.081,0.043,0.997,2.869,62.866,-3.296
3419984090720,3419982090720,3419.98409072,3419.98209072,-0.081,0.043,0.997,2.747,59.326,-3.235
3419994067942,3419992067942,3419.994067942,3419.992067942,-0.081,0.043,0.997,2.502,53.04,-2.869
3420004085706,3420002085706,3420.004085706,3420.002085706,0.007,0.041,0.986,2.136,44.312,-2.502
3420014027637,3420012027637,3420.014027637,3420.012027637,0.007,0.041,0.986,1.587,33.081,-1.892
3420024046858,3420022046858,3420.024046858,3420.022046858,0.007,0.041,0.986,0.977,20.081,-1.099
3420034034872,3420032034872,3420.034034872,3420.032034872,0.007,0.041,0.986,0.305,6.531,-0.305
3420044088219,3420042088219,3420.044088219,3420.042088219,0.007,0.041,0.986,-0.305,-6.775,0.366
3420054069233,3420052069233,3420.054069233,3420.052069233,0.007,0.041,0.986,-0.854,-18.982,0.977
3420065066402,3420063066402,3420.065066402,3420.063066402,0.007,0.041,0.986,-1.404,-29.419,1.404
3420075067832,3420073067832,3420.075067832,3420.073067832,0.007,0.041,0.986,-1.77,-38.635,1.953
3420085107179,3420083107179,3420.085107179,3420.083107179,0.007,0.041,0.986,-2.014,-44.922,2.197
3420095056693,3420093056693,3420.095056693,3420.093056693,0.007,0.041,0.986,-2.136,-49.255,2.319
3420105025749,3420103025749,3420.105025749,3420.103025749,0.007,0.041,0.986,-2.258,-51.331,2.502
3420115162219,3420113162219,3420.115162219,3420.113162219,0.007,0.041,0.986,-2.258,-50.72,2.441
3420125098317,3420123098317,3420.125098317,3420.123098317,0.007,0.041,0.986,-2.136,-47.607,2.258
3420135046373,3420133046373,3420.135046373,3420.133046373,-0.106,0.044,1.006,-1.892,-42.603,1.892
3420145077553,3420143077553,3420.145077553,3420.143077553,-0.106,0.044,1.006,-1.587,-36.377,1.587
3420156050514,3420154050514,3420.156050514,3420.154050514,-0.106,0.044,1.006,-1.221,-29.358,1.221
3420166041736,3420164041736,3420.166041736,3420.164041736,-0.106,0.044,1.006,-0.916,-21.851,0.793
3420176058041,3420174058041,3420.176058041,3420.174058041,-0.106,0.044,1.006,-0.549,-14.526,0.427
3420186023597,3420184023597,3420.186023597,3420.184023597,-0.106,0.044,1.006,-0.244,-7.202,0.244
3420196047777,3420194047777,3420.196047777,3420.194047777,-0.106,0.044,1.006,0.0,-1.282,-0.061
3420206049791,3420204049791,3420.206049791,3420.204049791,-0.106,0.044,1.006,0.183,4.089,-0.305
3420216028472,3420214028472,3420.216028472,3420.214028472,-0.106,0.044,1.006,0.427,9.277,-0.549
3420226016194,3420224016194,3420.226016194,3420.224016194,-0.106,0.044,1.006,0.61,14.038,-0.732
3420235980583,3420233980583,3420.235980583,3420.233980583,-0.106,0.044,1.006,0.793,18.616,-0.977
3420246027804,3420244027804,3420.246027804,3420.244027804,-0.106,0.044,1.006,0.977,22.888,-1.221
3420256021943,3420254021943,3420.256021943,3420.254021943,-0.028,0.042,0.992,1.16,26.672,-1.465
3420266025707,3420264025707,3420.266025707,3420.264025707,-0.028,0.042,0.992,1.343,29.785,-1.648
3420277026959,3420275026959,3420.277026959,3420.275026959,-0.028,0.042,0.992,1.465,32.043,-1.831
3420287027515,3420285027515,3420.287027515,3420.285027515,-0.028,0.042,0.992,1.526,32.959,-1.892
3420297059278,3420295059278,3420.297059278,3420.295059278,-0.028,0.042,0.992,1.465,31.982,-1.709
3420307062750,3420305062750,3420.30706275,3420.30506275,-0.028,0.042,0.992,1.343,29.053,-1.77
3420317024514,3420315024514,3420.317024514,3420.315024514,-0.028,0.042,0.992,1.099,24.17,-1.465
3420327026236,3420325026236,3420.327026236,3420.325026236,-0.028,0.042,0.992,0.793,17.456,-1.099
3420337199165,3420335199165,3420.337199165,3420.335199165,-0.028,0.042,0.992,0.427,8.85,-0.671
3420347355468,3420345355468,3420.347355468,3420.345355468,-0.028,0.042,0.992,0.0,-0.977,-0.122
3420357120651,3420355120651,3420.357120651,3420.355120651,-0.028,0.042,0.992,-0.427,-11.23,0.366
3420367155623,3420365155623,3420.367155623,3420.365155623,-0.028,0.042,0.992,-0.854,-20.813,0.854
3420378192750,3420376192750,3420.37819275,3420.37619275,-0.028,0.042,0.992,-1.221,-29.541,1.343
3420388326596,3420386326596,3420.388326596,3420.386326596,-0.049,0.043,1.0,-1.648,-37.048,1.77
3420398213694,3420396213694,3420.398213694,3420.396213694,-0.049,0.043,1.0,-1.953,-42.908,2.258
3420408335289,3420406335289,3420.408335289,3420.406335289,-0.049,0.043,1.0,-2.014,-45.593,2.136
3420419716579,3420417716579,3420.419716579,3420.417716579,-0.049,0.043,1.0,-2.014,-45.654,2.136
3420429015184,3420427015184,3420.429015184,3420.427015184,-0.049,0.043,1.0,-1.892,-43.152,2.075
3420440129019,3420438129019,3420.440129019,3420.438129019,-0.049,0.043,1.0,-1.709,-37.964,1.831
3420450108575,3420448108575,3420.450108575,3420.448108575,-0.049,0.043,1.0,-1.282,-29.541,1.404
3420460066839,3420458066839,3420.460066839,3420.458066839,-0.049,0.043,1.0,-0.854,-20.02,0.916
3420470014895,3420468014895,3420.470014895,3420.468014895,-0.049,0.043,1.0,-0.366,-9.033,0.427
3420481032189,3420479032189,3420.481032189,3420.479032189,-0.049,0.043,1.0,0.122,3.174,-0.061
3420491170409,3420489170409,3420.491170409,3420.489170409,-0.049,0.043,1.0,0.732,17.639,-0.854
3420501103299,3420499103299,3420.501103299,3420.499103299,-0.049,0.043,1.0,1.343,30.884,-1.587
3420511065354,3420509065354,3420.511065354,3420.509065354,-0.039,0.042,0.998,1.953,43.518,-2.258
3420522076815,3420520076815,3420.522076815,3420.520076815,-0.039,0.042,0.998,2.502,55.786,-2.93
3420532017871,3420530017871,3420.532017871,3420.530017871,-0.039,0.042,0.997,2.93,65.063,-3.418
3420542060134,3420540060134,3420.542060134,3420.540060134,-0.039,0.042,0.998,3.296,72.205,-3.845
3420553070429,3420551070429,3420.553070429,3420.551070429,-0.039,0.042,0.998,3.479,76.233,-4.15
3420563073901,3420561073901,3420.563073901,3420.561073901,-0.039,0.042,0.998,3.54,76.355,-4.028
3420573355036,3420571355036,3420.573355036,3420.571355036,-0.039,0.042,0.998,3.418,72.876,-3.906
3420583403133,3420581403133,3420.583403133,3420.581403133,-0.039,0.042,0.998,3.113,65.674,-3.601
3420594059347,3420592059347,3420.594059347,3420.592059347,-0.039,0.042,0.998,2.502,54.626,-2.991
3420604061653,3420602061653,3420.604061653,3420.602061653,-0.039,0.042,0.998,1.77,39.185,-2.014
3420614060458,3420612060458,3420.614060458,3420.612060458,-0.039,0.042,0.998,1.038,23.376,-1.038
3420624718423,3420622718423,3420.624718423,3420.622718423,-0.039,0.042,0.997,0.244,6.47,0.0
3420635299388,3420633299388,3420.635299388,3420.633299388,-0.043,0.043,0.992,-0.549,-12.512,1.16
3420646016852,3420644016852,3420.646016852,3420.644016852,-0.043,0.043,0.992,-1.343,-29.419,2.319
3420656037824,3420654037824,3420.656037824,3420.654037824,-0.043,0.043,0.992,-2.197,-46.387,3.418
3420666080379,3420664080379,3420.666080379,3420.664080379,-0.043,0.043,0.992,-2.869,-59.509,4.15
3420676034852,3420674034852,3420.676034852,3420.674034852,-0.043,0.043,0.992,-3.296,-69.458,4.456
3420687020938,3420685020938,3420.687020938,3420.685020938,-0.043,0.043,0.992,-3.479,-75.745,4.333
3420697843401,3420695843401,3420.697843401,3420.695843401,-0.043,0.043,0.992,-3.54,-79.59,4.211
3420710237638,3420708237638,3420.710237638,3420.708237638,-0.043,0.043,0.992,-3.601,-79.895,4.211
3420721047851,3420719047851,3420.721047851,3420.719047851,-0.043,0.043,0.992,-3.418,-76.599,3.723
3420731037323,3420729037323,3420.731037323,3420.729037323,-0.043,0.043,0.992,-3.113,-70.129,3.357
3420741044003,3420739044003,3420.741044003,3420.739044003,-0.043,0.043,0.992,-2.808,-61.707,2.991
3420751026475,3420749026475,3420.751026475,3420.749026475,-0.043,0.043,0.992,-2.258,-50.72,2.38
3420761972020,3420759972020,3420.76197202,3420.75997202,-0.043,0.043,0.992,-1.587,-37.231,1.587
3420772021867,3420770021867,3420.772021867,3420.770021867,-0.118,0.044,1.004,-0.793,-20.508,0.61
3420782022422,3420780022422,3420.782022422,3420.780022422,-0.118,0.044,1.004,-0.183,-5.249,0.0
3420791975144,3420789975144,3420.791975144,3420.789975144,-0.118,0.044,1.004,0.366,9.277,-0.427
3420803055438,3420801055438,3420.803055438,3420.801055438,-0.118,0.044,1.004,1.038,23.621,-1.221
3420812980452,3420810980452,3420.812980452,3420.810980452,-0.118,0.044,1.004,1.77,37.72,-2.136
3420823033799,3420821033799,3420.823033799,3420.821033799,-0.118,0.044,1.004,2.258,48.035,-2.625
3420832972813,3420830972813,3420.832972813,3420.830972813,-0.118,0.044,1.004,2.563,55.908,-3.052
3420844057190,3420842057190,3420.84405719,3420.84205719,-0.118,0.044,1.004,2.808,61.157,-3.296
3420854065912,3420852065912,3420.854065912,3420.852065912,-0.118,0.044,1.004,2.93,63.232,-3.357
3420864043426,3420862043426,3420.864043426,3420.862043426,-0.118,0.044,1.004,2.869,61.584,-3.235
3420874019190,3420872019190,3420.87401919,3420.87201919,-0.118,0.044,1.004,2.625,56.763,-3.052
3420884982234,3420882982234,3420.884982234,3420.882982234,-0.118,0.044,1.004,2.258,48.645,-2.747
3420895017498,3420893017498,3420.895017498,3420.893017498,0.017,0.041,0.982,1.709,36.194,-2.136
3420905032344,3420903032344,3420.905032344,3420.903032344,0.017,0.041,0.982,1.099,22.766,-1.465
3420915049233,3420913049233,3420.915049233,3420.913049233,0.017,0.041,0.982,0.427,8.362,-0.732
3420926066819,3420924066819,3420.926066819,3420.924066819,0.017,0.041,0.982,-0.183,-6.042,0.0
3420935972875,3420933972875,3420.935972875,3420.933972875,0.017,0.041,0.982,-0.916,-21.24,0.793
3420946020388,3420944020388,3420.946020388,3420.944020388,0.017,0.041,0.982,-1.404,-33.63,1.465
3420956020944,3420954020944,3420.956020944,3420.954020944,0.017,0.041,0.982,-1.892,-44.189,2.014
3420978331154,3420976331154,3420.978331154,3420.976331154,0.017,0.041,0.982,-2.686,-59.265,2.686
3420990124272,3420988124272,3420.990124272,3420.988124272,0.017,0.041,0.982,-2.747,-61.157,2.869
3421001057859,3420999057859,3421.001057859,3420.999057859,0.017,0.041,0.982,-2.686,-59.265,2.808
3421011077664,3421009077664,3421.011077664,3421.009077664,0.017,0.041,0.982,-2.441,-54.016,2.625
3421021089011,3421019089011,3421.021089011,3421.019089011,-0.084,0.044,1.009,-2.075,-46.326,2.258
3421031052817,3421029052817,3421.031052817,3421.029052817,-0.084,0.044,1.009,-1.648,-36.072,1.648
3421042056403,3421040056403,3421.042056403,3421.040056403,-0.084,0.044,1.009,-1.038,-23.621,0.977
3421052080874,3421050080874,3421.052080874,3421.050080874,-0.084,0.044,1.009,-0.366,-8.484,0.244
3421062107679,3421060107679,3421.062107679,3421.060107679,-0.084,0.044,1.009,0.183,5.127,-0.244
3421072048152,3421070048152,3421.072048152,3421.070048152,-0.084,0.044,1.009,0.793,18.799,-0.916
3421083423317,3421081423317,3421.083423317,3421.081423317,-0.084,0.044,1.009,1.465,31.738,-1.709
3421093617829,3421091617829,3421.093617829,3421.091617829,-0.084,0.044,1.009,2.014,43.701,-2.441
3421103026599,3421101026599,3421.103026599,3421.101026599,-0.084,0.044,1.009,2.38,51.575,-2.869
3421113074696,3421111074696,3421.113074696,3421.111074696,-0.084,0.044,1.009,2.625,56.519,-3.113
3421123050168,3421121050168,3421.123050168,3421.121050168,-0.084,0.044,1.009,2.747,58.167,-3.174
3421134116170,3421132116170,3421.13411617,3421.13211617,-0.084,0.044,1.009,2.625,55.603,-3.052
3421144081725,3421142081725,3421.144081725,3421.142081725,0.01,0.041,0.985,2.319,48.95,-2.747
3421154378611,3421152378611,3421.154378611,3421.152378611,0.01,0.041,0.985,1.831,38.94,-2.197
3421165445196,3421163445196,3421.165445196,3421.163445196,0.01,0.041,0.985,1.16,26.733,-1.404
3421175060464,3421173060464,3421.175060464,3421.173060464,0.01,0.041,0.985,0.488,12.39,-0.244
3421185059561,3421183059561,3421.185059561,3421.183059561,0.01,0.041,0.985,0.0,-0.732,0.305
3421195002659,3421193002659,3421.195002659,3421.193002659,0.01,0.041,0.985,-0.549,-13.794,1.038
3421205057755,3421203057755,3421.205057755,3421.203057755,0.01,0.041,0.985,-1.16,-26.123,1.648
3421216049674,3421214049674,3421.216049674,3421.214049674,0.01,0.041,0.985,-1.709,-37.842,2.258
3421226052563,3421224052563,3421.226052563,3421.224052563,0.01,0.041,0.985,-2.075,-46.143,2.319
3421236051077,3421234051077,3421.236051077,3421.234051077,0.01,0.041,0.985,-2.319,-51.697,2.502
3421247088496,3421245088496,3421.247088496,3421.245088496,0.01,0.041,0.985,-2.441,-54.565,2.563
3421257053760,3421255053760,3421.25705376,3421.25505376,0.01,0.041,0.985,-2.441,-54.688,2.869
3421267077356,3421265077356,3421.267077356,3421.265077356,0.01,0.041,0.985,-2.319,-51.575,2.563
3421277399033,3421275399033,3421.277399033,3421.275399033,-0.066,0.044,1.008,-2.014,-45.044,2.197
3421290063934,3421288063934,3421.290063934,3421.288063934,-0.066,0.044,1.008,-1.404,-31.982,1.404
3421300023073,3421298023073,3421.300023073,3421.298023073,-0.066,0.044,1.008,-0.793,-19.409,0.732
3421310122794,3421308122794,3421.310122794,3421.308122794,-0.066,0.044,1.008,-0.244,-5.798,0.122
3421321109172,3421319109172,3421.321109172,3421.319109172,-0.066,0.044,1.008,0.305,7.935,-0.366
3421331057228,3421329057228,3421.331057228,3421.329057228,-0.066,0.044,1.008,1.038,23.193,-1.16
3421341087533,3421339087533,3421.341087533,3421.339087533,-0.066,0.044,1.008,1.648,35.522,-1.892
3421351012256,3421349012256,3421.351012256,3421.349012256,-0.066,0.044,1.008,2.075,45.41,-2.441
3421362151757,3421360151757,3421.362151757,3421.360151757,-0.066,0.044,1.008,2.441,52.795,-2.869
3421372042938,3421370042938,3421.372042938,3421.370042938,-0.066,0.044,1.008,2.686,57.678,-3.174
3421382001952,3421380001952,3421.382001952,3421.380001952,-0.066,0.044,1.008,2.747,58.716,-3.235
3421392055465,3421390055465,3421.392055465,3421.390055465,-0.066,0.044,1.008,2.625,56.396,-3.113
3421403373756,3421401373756,3421.403373756,3421.401373756,0.008,0.041,0.986,2.38,50.842,-2.808
3421413027815,3421411027815,3421.413027815,3421.411027815,0.008,0.041,0.986,1.892,41.199,-2.258
3421423004746,3421421004746,3421.423004746,3421.421004746,0.008,0.041,0.986,1.343,29.968,-1.587
3421432975552,3421430975552,3421.432975552,3421.430975552,0.008,0.041,0.986,0.732,17.334,-0.793
3421444061678,3421442061678,3421.444061678,3421.442061678,0.008,0.041,0.986,0.122,4.15,0.0
3421454076817,3421452076817,3421.454076817,3421.452076817,0.008,0.041,0.986,-0.427,-10.193,0.854
3421464368744,3421462368744,3421.464368744,3421.462368744,0.008,0.041,0.986,-0.977,-22.583,1.526
3421474184676,3421472184676,3421.474184676,3421.472184676,0.008,0.041,0.986,-1.465,-33.752,2.014
3421485043097,3421483043097,3421.485043097,3421.483043097,0.008,0.041,0.986,-1.892,-42.969,2.38
3421494934362,3421492934362,3421.494934362,3421.492934362,0.008,0.041,0.986,-2.258,-50.232,2.563
3421504962917,3421502962917,3421.504962917,3421.502962917,0.008,0.041,0.986,-2.441,-53.833,2.625
3421515982253,3421513982253,3421.515982253,3421.513982253,0.008,0.041,0.986,-2.441,-54.688,2.625
3421526030932,3421524030932,3421.526030932,3421.524030932,-0.069,0.044,1.007,-2.38,-52.979,2.563
3421535962364,3421533962364,3421.535962364,3421.533962364,-0.069,0.044,1.007,-2.136,-47.852,2.319
3421545958252,3421543958252,3421.545958252,3421.543958252,-0.069,0.044,1.007,-1.831,-40.649,1.831
3421555992057,3421553992057,3421.555992057,3421.553992057,-0.069,0.044,1.007,-1.404,-31.616,1.343
3421567006143,3421565006143,3421.567006143,3421.565006143,-0.069,0.044,1.007,-0.916,-21.301,0.793
3421577066781,3421575066781,3421.577066781,3421.575066781,-0.069,0.044,1.007,-0.366,-9.155,0.122
3421587006962,3421585006962,3421.587006962,3421.585006962,-0.069,0.044,1.007,0.122,1.404,-0.305
3421597006643,3421595006643,3421.597006643,3421.595006643,-0.069,0.044,1.007,0.549,10.681,-0.732
3421608010228,3421606010228,3421.608010228,3421.606010228,-0.069,0.044,1.007,0.916,18.372,-1.16
3421618027700,3421616027700,3421.6180277,3421.6160277,-0.069,0.044,1.007,1.16,24.414,-1.404
3421628029131,3421626029131,3421.628029131,3421.626029131,-0.069,0.044,1.007,1.282,28.015,-1.526
3421637960270,3421635960270,3421.63796027,3421.63596027,-0.069,0.044,1.007,1.343,30.64,-1.587
3421648958606,3421646958606,3421.648958606,3421.646958606,-0.069,0.044,1.007,1.465,33.081,-1.648
3421658965286,3421656965286,3421.658965286,3421.656965286,-0.0,0.042,0.99,1.587,36.011,-1.648
3421668967008,3421666967008,3421.668967008,3421.666967008,-0.0,0.042,0.99,1.709,38.635,-1.953
3421678962022,3421676962022,3421.678962022,3421.676962022,-0.0,0.042,0.99,1.831,41.138,-2.014
3421689062035,3421687062035,3421.689062035,3421.687062035,-0.0,0.042,0.99,1.953,43.396,-2.258
3421699963538,3421697963538,3421.699963538,3421.697963538,-0.0,0.042,0.99,2.075,44.983,-2.441
3421710046926,3421708046926,3421.710046926,3421.708046926,-0.0,0.042,0.99,2.014,45.471,-2.502
3421720051565,3421718051565,3421.720051565,3421.718051565,-0.0,0.042,0.99,2.014,44.556,-2.441
3421730998859,3421728998859,3421.730998859,3421.728998859,-0.0,0.042,0.99,1.892,41.992,-2.319
3421741046081,3421739046081,3421.741046081,3421.739046081,-0.0,0.042,0.99,1.77,37.598,-2.014
3421750962637,3421748962637,3421.750962637,3421.748962637,-0.0,0.042,0.99,1.465,30.762,-1.709
3421761050400,3421759050400,3421.7610504,3421.7590504,-0.0,0.042,0.99,1.16,22.583,-1.282
3421771001664,3421769001664,3421.771001664,3421.769001664,-0.0,0.042,0.99,0.671,12.573,-0.793
3421782069999,3421780069999,3421.782069999,3421.780069999,-0.032,0.042,0.997,0.061,0.122,0.0
3421792051013,3421790051013,3421.792051013,3421.790051013,-0.032,0.042,0.997,-0.488,-11.475,0.366
3421802042819,3421800042819,3421.802042819,3421.800042819,-0.032,0.042,0.997,-1.038,-22.522,0.916
3421811975125,3421809975125,3421.811975125,3421.809975125,-0.032,0.042,0.997,-1.404,-32.288,1.343
3421823348540,3421821348540,3421.82334854,3421.82134854,-0.032,0.042,0.997,-1.77,-41.687,1.953
3421833116640,3421831116640,3421.83311664,3421.83111664,-0.032,0.042,0.997,-2.136,-49.133,2.197
3421843104070,3421841104070,3421.84310407,3421.84110407,-0.032,0.042,0.997,-2.441,-54.81,2.563
3421854070906,3421852070906,3421.854070906,3421.852070906,-0.032,0.042,0.997,-2.625,-58.289,2.686
3421864046962,3421862046962,3421.864046962,3421.862046962,-0.032,0.042,0.997,-2.625,-59.265,2.869
3421874040809,3421872040809,3421.874040809,3421.872040809,-0.032,0.042,0.997,-2.563,-58.044,2.686
3421884050989,3421882050989,3421.884050989,3421.882050989,-0.032,0.042,0.997,-2.441,-54.993,2.625
3421895054283,3421893054283,3421.895054283,3421.893054283,-0.032,0.042,0.997,-2.197,-49.622,2.38
3421905002631,3421903002631,3421.905002631,3421.903002631,-0.093,0.044,1.006,-1.831,-41.077,2.075
3421914981603,3421912981603,3421.914981603,3421.912981603,-0.093,0.044,1.006,-1.343,-31.128,1.343
3421925043991,3421923043991,3421.925043991,3421.923043991,-0.093,0.044,1.006,-0.793,-19.531,0.732
3421936007036,3421934007036,3421.936007036,3421.934007036,-0.093,0.044,1.006,-0.244,-7.385,0.061
3421946002050,3421944002050,3421.94600205,3421.94400205,-0.093,0.044,1.006,0.305,5.554,-0.305
3421956043146,3421954043146,3421.956043146,3421.954043146,-0.093,0.044,1.006,0.793,16.357,-1.038
3421966045160,3421964045160,3421.96604516,3421.96404516,-0.093,0.044,1.006,1.221,25.391,-1.465
3421977067996,3421975067996,3421.977067996,3421.975067996,-0.093,0.044,1.006,1.526,32.166,-1.77
3421987076718,3421985076718,3421.987076718,3421.985076718,-0.093,0.044,1.006,1.709,36.926,-1.831
3422002925708,3422000925708,3422.002925708,3422.000925708,-0.093,0.044,1.006,1.831,38.513,-2.075
3422011727818,3422009727818,3422.011727818,3422.009727818,-0.093,0.044,1.006,1.77,37.354,-2.014
3422017977582,3422015977582,3422.017977582,3422.015977582,-0.093,0.044,1.006,1.587,32.898,-1.831
3422028077886,3422026077886,3422.028077886,3422.026077886,-0.093,0.044,1.006,1.221,26.245,-1.526
3422038956932,3422036956932,3422.038956932,3422.036956932,0.012,0.041,0.987,0.854,17.883,-1.099
3422048999487,3422046999487,3422.048999487,3422.046999487,0.012,0.041,0.987,0.366,7.263,-0.549
3422059039708,3422057039708,3422.059039708,3422.057039708,0.012,0.041,0.987,-0.061,-2.625,0.0
3422069070013,3422067070013,3422.069070013,3422.067070013,0.012,0.041,0.987,-0.488,-12.024,0.427
3422080510511,3422078510511,3422.080510511,3422.078510511,0.012,0.041,0.987,-0.854,-20.203,0.793
3422091920676,3422089920676,3422.091920676,3422.089920676,0.012,0.041,0.987,-1.16,-27.466,1.16
3422099948128,3422097948128,3422.099948128,3422.097948128,0.012,0.041,0.987,-1.404,-32.288,1.465
3422110037641,3422108037641,3422.110037641,3422.108037641,0.012,0.041,0.987,-1.526,-35.156,1.526
3422121038018,3422119038018,3422.121038018,3422.119038018,0.012,0.041,0.987,-1.587,-36.255,1.526
3422131013782,3422129013782,3422.131013782,3422.129013782,0.012,0.041,0.987,-1.587,-35.339,1.526
3422140973505,3422138973505,3422.140973505,3422.138973505,0.012,0.041,0.987,-1.465,-32.227,1.404
3422150985435,3422148985435,3422.150985435,3422.148985435,0.012,0.041,0.987,-1.16,-26.794,1.16
3422162067187,3422160067187,3422.162067187,3422.160067187,-0.037,0.043,1.007,-0.793,-19.165,0.732
3422171981993,3422169981993,3422.171981993,3422.169981993,-0.037,0.043,1.007,-0.366,-8.85,0.305
3422182056047,3422180056047,3422.182056047,3422.180056047,-0.037,0.043,1.007,0.0,1.221,0.0
3422192037936,3422190037936,3422.192037936,3422.190037936,-0.037,0.043,1.007,0.427,11.963,-0.305
3422203055522,3422201055522,3422.203055522,3422.201055522,-0.037,0.043,1.007,0.977,23.315,-0.916
3422212941745,3422210941745,3422.212941745,3422.210941745,-0.037,0.043,1.007,1.587,35.828,-1.709
3422223051383,3422221051383,3422.223051383,3422.221051383,-0.037,0.043,1.007,2.075,46.021,-2.319
3422232949856,3422230949856,3422.232949856,3422.230949856,-0.037,0.043,1.007,2.502,54.688,-2.869
3422242946328,3422240946328,3422.242946328,3422.240946328,-0.037,0.043,1.007,2.808,61.462,-3.235
3422254033621,3422252033621,3422.254033621,3422.252033621,-0.037,0.043,1.007,3.052,66.101,-3.296
3422264035635,3422262035635,3422.264035635,3422.262035635,-0.037,0.043,1.007,3.113,67.81,-3.662
3422274041440,3422272041440,3422.27404144,3422.27204144,-0.037,0.043,1.007,3.052,66.711,-3.601
3422285068067,3422283068067,3422.285068067,3422.283068067,-0.037,0.043,1.007,2.869,62.622,-3.296
3422295062790,3422293062790,3422.29506279,3422.29306279,0.016,0.041,0.986,2.563,54.81,-2.502
3422304995387,3422302995387,3422.304995387,3422.302995387,0.016,0.041,0.986,2.136,45.166,-2.014
3422314949860,3422312949860,3422.31494986,3422.31294986,0.016,0.041,0.986,1.587,33.813,-1.404
3422325956071,3422323956071,3422.325956071,3422.323956071,0.016,0.041,0.986,0.977,21.057,-0.793
3422335951084,3422333951084,3422.335951084,3422.333951084,0.016,0.041,0.986,0.305,6.165,0.0
3422345968265,3422343968265,3422.345968265,3422.343968265,0.016,0.041,0.986,-0.305,-7.69,0.366
3422355958320,3422353958320,3422.35595832,3422.35395832,0.016,0.041,0.986,-0.916,-21.423,0.977
3422367015280,3422365015280,3422.36701528,3422.36501528,0.016,0.041,0.986,-1.526,-34.546,1.587
3422377038294,3422375038294,3422.377038294,3422.375038294,0.016,0.041,0.986,-2.075,-46.936,2.136
3422387321471,3422385321471,3422.387321471,3422.385321471,0.016,0.041,0.986,-2.441,-56.091,2.563
3422398933467,3422396933467,3422.398933467,3422.396933467,0.016,0.041,0.986,-2.869,-64.514,3.052
3422408987397,3422406987397,3422.408987397,3422.406987397,0.016,0.041,0.986,-3.052,-68.665,3.357
3422419968816,3422417968816,3422.419968816,3422.417968816,-0.1,0.045,1.007,-3.113,-69.702,3.296
3422429973163,3422427973163,3422.429973163,3422.427973163,-0.1,0.045,1.007,-2.991,-67.749,3.357
3422439970802,3422437970802,3422.439970802,3422.437970802,-0.1,0.045,1.007,-2.869,-63.599,3.052
3422449915941,3422447915941,3422.449915941,3422.447915941,-0.1,0.045,1.007,-2.563,-56.824,2.747
3422461015484,3422459015484,3422.461015484,3422.459015484,-0.1,0.045,1.007,-2.075,-47.302,2.136
3422470927957,3422468927957,3422.470927957,3422.468927957,-0.1,0.045,1.007,-1.343,-33.813,1.404
3422481013387,3422479013387,3422.481013387,3422.479013387,-0.1,0.045,1.007,-0.732,-19.836,0.427
3422490971359,3422488971359,3422.490971359,3422.488971359,-0.1,0.045,1.007,-0.183,-5.737,0.0
3422501956862,3422499956862,3422.501956862,3422.499956862,-0.1,0.045,1.007,0.305,7.507,-0.488
3422511955375,3422509955375,3422.511955375,3422.509955375,-0.1,0.045,1.007,0.854,20.386,-0.916
3422521952139,3422519952139,3422.521952139,3422.519952139,-0.1,0.045,1.007,1.404,30.151,-1.648
3422532002569,3422530002569,3422.532002569,3422.530002569,-0.1,0.045,1.007,1.77,37.292,-2.014
3422541949750,3422539949750,3422.54194975,3422.53994975,-0.018,0.042,0.991,1.953,41.565,-2.197
3422552898795,3422550898795,3422.552898795,3422.550898795,-0.018,0.042,0.991,2.014,43.03,-2.258
3422568356956,3422566356956,3422.568356956,3422.566356956,-0.018,0.042,0.991,1.892,39.307,-2.136
3422578016265,3422576016265,3422.578016265,3422.576016265,-0.018,0.042,0.991,1.587,33.081,-1.953
3422588969977,3422586969977,3422.588969977,3422.586969977,-0.018,0.042,0.991,1.16,24.475,-1.587
3422598952449,3422596952449,3422.598952449,3422.596952449,-0.018,0.042,0.991,0.61,13.123,-1.038
3422608951254,3422606951254,3422.608951254,3422.606951254,-0.018,0.042,0.991,0.061,2.197,-0.488
3422618949185,3422616949185,3422.618949185,3422.616949185,-0.018,0.042,0.991,-0.366,-8.362,0.061
3422629977270,3422627977270,3422.62997727,3422.62797727,-0.018,0.042,0.991,-0.793,-17.578,0.61
3422639998825,3422637998825,3422.639998825,3422.637998825,-0.018,0.042,0.991,-1.16,-25.574,1.221
3422649997631,3422647997631,3422.649997631,3422.647997631,-0.018,0.042,0.991,-1.404,-30.64,1.343
3422659977478,3422657977478,3422.659977478,3422.657977478,-0.018,0.042,0.991,-1.526,-33.203,1.526
3422670028199,3422668028199,3422.670028199,3422.668028199,-0.019,0.042,1.0,-1.526,-32.593,1.526
3422681017785,3422679017785,3422.681017785,3422.679017785,-0.019,0.042,1.0,-1.343,-29.053,1.16
3422690950383,3422688950383,3422.690950383,3422.688950383,-0.019,0.042,1.0,-1.038,-22.583,0.854
3422701021229,3422699021229,3422.701021229,3422.699021229,-0.019,0.042,1.0,-0.671,-14.771,0.488
3422712008190,3422710008190,3422.71200819,3422.71000819,-0.019,0.042,1.0,-0.244,-5.371,0.061
3422721991538,3422719991538,3422.721991538,3422.719991538,-0.019,0.042,1.0,0.244,6.165,-0.244
3422732035259,3422730035259,3422.732035259,3422.730035259,-0.019,0.042,1.0,0.732,16.907,-0.977
3422741997898,3422739997898,3422.741997898,3422.739997898,-0.019,0.042,1.0,1.221,26.978,-1.526
3422752944610,3422750944610,3422.75294461,3422.75094461,-0.019,0.042,1.0,1.648,35.767,-2.014
3422762958582,3422760958582,3422.762958582,3422.760958582,-0.019,0.042,1.0,1.953,43.396,-2.136
3422773042261,3422771042261,3422.773042261,3422.771042261,-0.019,0.042,1.0,2.197,48.035,-2.563
3422783048066,3422781048066,3422.783048066,3422.781048066,-0.019,0.042,1.0,2.319,50.11,-2.686
3422794033861,3422792033861,3422.794033861,3422.792033861,-0.005,0.042,0.993,2.319,49.316,-2.625
3422804032666,3422802032666,3422.804032666,3422.802032666,-0.005,0.042,0.993,2.075,45.227,-2.258
3422814036138,3422812036138,3422.814036138,3422.812036138,-0.005,0.042,0.993,1.77,38.757,-2.075
3422824033194,3422822033194,3422.824033194,3422.822033194,-0.005,0.042,0.993,1.343,30.151,-1.648
3422835059238,3422833059238,3422.835059238,3422.833059238,-0.005,0.042,0.993,0.916,19.836,-1.099
3422844992419,3422842992419,3422.844992419,3422.842992419,-0.005,0.042,0.993,0.366,7.263,-0.366
3422854945141,3422852945141,3422.854945141,3422.852945141,-0.005,0.042,0.993,-0.122,-5.066,0.0
3422864993529,3422862993529,3422.864993529,3422.862993529,-0.005,0.042,0.993,-0.671,-18.005,0.61
3422876050198,3422874050198,3422.876050198,3422.874050198,-0.005,0.042,0.993,-1.282,-31.128,1.221
3422885950713,3422883950713,3422.885950713,3422.883950713,-0.005,0.042,0.993,-1.953,-45.044,1.953
3422895898769,3422893898769,3422.895898769,3422.893898769,-0.005,0.042,0.993,-2.502,-56.396,2.563
3422905949490,3422903949490,3422.90594949,3422.90394949,-0.005,0.042,0.993,-2.93,-65.674,2.991
3422915942754,3422913942754,3422.915942754,3422.913942754,-0.005,0.042,0.993,-3.235,-72.754,3.357
3422927002339,3422925002339,3422.927002339,3422.925002339,-0.069,0.044,1.007,-3.479,-77.515,3.662
3422937012811,3422935012811,3422.937012811,3422.935012811,-0.069,0.044,1.007,-3.418,-78.369,3.479
3422947018325,3422945018325,3422.947018325,3422.945018325,-0.069,0.044,1.007,-2.991,-73.364,2.869
3422957993328,3422955993328,3422.957993328,3422.955993328,-0.069,0.044,1.007,-2.319,-63.416,2.319
3422968012258,3422966012258,3422.968012258,3422.966012258,-0.069,0.044,1.007,-1.221,-49.255,1.648
3422978018646,3422976018646,3422.978018646,3422.976018646,-0.069,0.044,1.007,-0.305,-30.029,0.854
3422987949786,3422985949786,3422.987949786,3422.985949786,-0.069,0.044,1.007,-0.061,-9.827,0.488
3422997999341,3422995999341,3422.997999341,3422.995999341,-0.069,0.044,1.007,-0.061,11.108,0.305
3423008944594,3423006944594,3423.008944594,3423.006944594,-0.069,0.044,1.007,0.427,30.334,0.0
3423018950982,3423016950982,3423.018950982,3423.016950982,-0.069,0.044,1.007,1.221,47.546,-0.916
3423028948038,3423026948038,3423.028948038,3423.026948038,-0.069,0.044,1.007,2.136,60.303,-1.892
3423038945677,3423036945677,3423.038945677,3423.036945677,-0.069,0.044,1.007,2.991,71.228,-3.052
3423050011970,3423048011970,3423.05001197,3423.04801197,0.013,0.041,0.986,3.601,79.895,-4.089
3423059955359,3423057955359,3423.059955359,3423.057955359,0.013,0.041,0.986,3.906,85.266,-4.395
3423069991789,3423067991789,3423.069991789,3423.067991789,0.013,0.041,0.986,3.967,87.28,-4.456
3423079967845,3423077967845,3423.079967845,3423.077967845,0.013,0.041,0.986,3.967,87.402,-4.639
3423090997972,3423088997972,3423.090997972,3423.088997972,0.013,0.041,0.986,3.906,84.656,-4.578
3423100954195,3423098954195,3423.100954195,3423.098954195,0.013,0.041,0.986,3.601,77.759,-4.089
3423110944834,3423108944834,3423.110944834,3423.108944834,0.013,0.041,0.986,3.235,68.848,-3.601
3423120998472,3423118998472,3423.120998472,3423.118998472,0.013,0.041,0.986,2.686,57.739,-3.052
3423131986016,3423129986016,3423.131986016,3423.129986016,0.013,0.041,0.986,2.075,44.983,-2.441
3423141948072,3423139948072,3423.141948072,3423.139948072,0.013,0.041,0.986,1.343,29.785,-1.648
3423151946294,3423149946294,3423.151946294,3423.149946294,0.013,0.041,0.986,0.671,15.442,-0.916
3423162942296,3423160942296,3423.162942296,3423.160942296,0.013,0.041,0.986,0.061,1.282,-0.183
3423172948685,3423170948685,3423.172948685,3423.170948685,0.013,0.041,0.986,-0.427,-12.207,0.366
3423183044323,3423181044323,3423.183044323,3423.181044323,-0.035,0.043,0.995,-1.099,-26.062,1.099
3423192989754,3423190989754,3423.192989754,3423.190989754,-0.035,0.043,0.995,-1.648,-37.415,1.709
3423202985351,3423200985351,3423.202985351,3423.200985351,-0.035,0.043,0.995,-2.136,-46.875,2.197
3423214051936,3423212051936,3423.214051936,3423.212051936,-0.035,0.043,0.995,-2.441,-53.894,2.502
3423224031783,3423222031783,3423.224031783,3423.222031783,-0.035,0.043,0.995,-2.625,-58.96,2.686
3423234388460,3423232388460,3423.23438846,3423.23238846,-0.035,0.043,0.995,-2.686,-61.584,2.808
3423250282949,3423248282949,3423.250282949,3423.248282949,-0.035,0.043,0.995,-2.747,-62.378,2.93
3423256678253,3423254678253,3423.256678253,3423.254678253,-0.035,0.043,0.995,-2.747,-61.035,2.808
3423265954900,3423263954900,3423.2659549,3423.2639549,-0.035,0.043,0.995,-2.563,-57.739,2.625
3423276994652,3423274994652,3423.276994652,3423.274994652,-0.035,0.043,0.995,-2.38,-53.711,2.441
3423287062582,3423285062582,3423.287062582,3423.285062582,-0.035,0.043,0.995,-2.136,-48.767,2.258
3423296974180,3423294974180,3423.29697418,3423.29497418,-0.035,0.043,0.995,-1.892,-42.114,1.953
3423307027234,3423305027234,3423.307027234,3423.305027234,-0.114,0.044,1.004,-1.526,-34.668,1.648
3423317030998,3423315030998,3423.317030998,3423.315030998,-0.114,0.044,1.004,-1.099,-25.818,1.16
3423328029626,3423326029626,3423.328029626,3423.326029626,-0.114,0.044,1.004,-0.671,-15.869,0.671
3423337983806,3423335983806,3423.337983806,3423.335983806,-0.114,0.044,1.004,-0.122,-4.639,0.061
3423350036797,3423348036797,3423.350036797,3423.348036797,-0.114,0.044,1.004,0.244,5.249,-0.427
3423359936729,3423357936729,3423.359936729,3423.357936729,-0.114,0.044,1.004,0.732,15.198,-0.916
3423369063877,3423367063877,3423.369063877,3423.367063877,-0.114,0.044,1.004,1.099,22.644,-1.282
3423379355304,3423377355304,3423.379355304,3423.377355304,-0.114,0.044,1.004,1.343,28.625,-1.648
3423390163642,3423388163642,3423.390163642,3423.388163642,-0.114,0.044,1.004,1.526,32.837,-1.892
3423400001908,3423398001908,3423.400001908,3423.398001908,-0.114,0.044,1.004,1.648,34.851,-2.014
3423410041838,3423408041838,3423.410041838,3423.408041838,-0.114,0.044,1.004,1.587,33.752,-1.892
3423420052893,3423418052893,3423.420052893,3423.418052893,-0.114,0.044,1.004,1.404,29.846,-1.648
3423430982396,3423428982396,3423.430982396,3423.428982396,0.006,0.041,0.988,1.16,23.56,-1.343
3423440947077,3423438947077,3423.440947077,3423.438947077,0.006,0.041,0.988,0.732,14.832,-0.916
3423450997799,3423448997799,3423.450997799,3423.448997799,0.006,0.041,0.988,0.305,6.042,-0.427
3423461943343,3423459943343,3423.461943343,3423.459943343,0.006,0.041,0.988,-0.061,-2.563,0.0
3423471989107,3423469989107,3423.471989107,3423.469989107,0.006,0.041,0.988,-0.488,-11.292,0.549
3423482001329,3423480001329,3423.482001329,3423.480001329,0.006,0.041,0.988,-0.793,-18.127,0.671
3423491940926,3423489940926,3423.491940926,3423.489940926,0.006,0.041,0.988,-1.038,-23.865,0.977
3423502016731,3423500016731,3423.502016731,3423.500016731,0.006,0.041,0.988,-1.221,-28.442,1.282
3423513004567,3423511004567,3423.513004567,3423.511004567,0.006,0.041,0.988,-1.404,-31.555,1.465
3423523016789,3423521016789,3423.523016789,3423.521016789,0.006,0.041,0.988,-1.465,-32.837,1.465
3423532982053,3423530982053,3423.532982053,3423.530982053,0.006,0.041,0.988,-1.404,-31.86,1.404
3423544053013,3423542053013,3423.544053013,3423.542053013,0.006,0.041,0.988,-1.282,-28.992,1.282
3423554031110,3423552031110,3423.55403111,3423.55203111,0.006,0.041,0.988,-1.038,-23.682,1.038
3423564070165,3423562070165,3423.564070165,3423.562070165,-0.038,0.043,1.006,-0.732,-17.273,0.732
3423574047387,3423572047387,3423.574047387,3423.572047387,-0.038,0.043,1.006,-0.427,-9.583,0.366
3423585050973,3423583050973,3423.585050973,3423.583050973,-0.038,0.043,1.006,0.0,-0.793,0.0
3423595023237,3423593023237,3423.595023237,3423.593023237,-0.038,0.043,1.006,0.427,9.583,-0.488
3423605058501,3423603058501,3423.605058501,3423.603058501,-0.038,0.043,1.006,0.854,19.226,-0.916
3423615023181,3423613023181,3423.615023181,3423.613023181,-0.038,0.043,1.006,1.282,28.442,-1.404
3423626022976,3423624022976,3423.626022976,3423.624022976,-0.038,0.043,1.006,1.648,37.109,-1.831
3423636664607,3423634664607,3423.636664607,3423.634664607,-0.038,0.043,1.006,2.075,45.898,-2.136
3423647973856,3423645973856,3423.647973856,3423.645973856,-0.038,0.043,1.006,2.38,52.917,-2.625
3423655993725,3423653993725,3423.655993725,3423.653993725,-0.038,0.043,1.006,2.625,58.777,-2.869
3423667026477,3423665026477,3423.667026477,3423.665026477,-0.038,0.043,1.006,2.869,63.904,-3.174
3423677048324,3423675048324,3423.677048324,3423.675048324,-0.038,0.043,1.006,3.113,68.115,-3.54
3423686943881,3423684943881,3423.686943881,3423.684943881,0.012,0.041,0.988,3.235,70.679,-3.723
3423697048852,3423695048852,3423.697048852,3423.695048852,0.012,0.041,0.988,3.296,70.862,-3.662
3423707056990,3423705056990,3423.70705699,3423.70505699,0.012,0.041,0.988,3.235,69.336,-3.601
3423718029368,3423716029368,3423.718029368,3423.716029368,0.012,0.041,0.988,3.052,65.796,-3.54
3423728024090,3423726024090,3423.72802409,3423.72602409,0.012,0.041,0.988,2.686,58.96,-3.174
3423738021729,3423736021729,3423.738021729,3423.736021729,0.012,0.041,0.988,2.258,50.537,-2.625
3423748023451,3423746023451,3423.748023451,3423.746023451,0.012,0.041,0.988,1.831,40.71,-2.136
3423759027328,3423757027328,3423.759027328,3423.757027328,0.012,0.041,0.988,1.343,28.259,-1.404
3423769048884,3423767048884,3423.769048884,3423.767048884,0.012,0.041,0.988,0.732,15.503,-0.977
3423785117788,3423783117788,3423.785117788,3423.783117788,0.012,0.041,0.988,0.122,1.953,-0.305
3423792085336,3423790085336,3423.792085336,3423.790085336,0.012,0.041,0.988,-0.488,-13.367,0.366
3423801990517,3423799990517,3423.801990517,3423.799990517,0.012,0.041,0.988,-1.221,-29.968,1.343
3423812044155,3423810044155,3423.812044155,3423.810044155,-0.102,0.044,0.999,-1.77,-43.152,1.77
3423822054919,3423820054919,3423.822054919,3423.820054919,-0.102,0.044,0.999,-2.319,-55.786,2.441
3423832044099,3423830044099,3423.832044099,3423.830044099,-0.102,0.044,0.999,-2.93,-67.505,3.052
3423848076546,3423846076546,3423.848076546,3423.846076546,-0.102,0.044,0.999,-3.662,-83.13,3.723
3423858068643,3423856068643,3423.858068643,3423.856068643,-0.102,0.044,0.999,-3.967,-90.942,4.089
3423869022646,3423867022646,3423.869022646,3423.867022646,-0.102,0.044,0.999,-4.333,-97.29,4.517
3423879026701,3423877026701,3423.879026701,3423.877026701,-0.102,0.044,0.999,-4.517,-101.685,4.944
3423888975049,3423886975049,3423.888975049,3423.886975049,-0.102,0.044,0.999,-4.578,-103.21,4.822
3423899282726,3423897282726,3423.899282726,3423.897282726,-0.102,0.044,0.999,-4.395,-102.173,4.761
3423911637005,3423909637005,3423.911637005,3423.909637005,-0.102,0.044,0.999,-3.662,-94.849,4.028
3423919977704,3423917977704,3423.919977704,3423.917977704,-0.102,0.044,0.999,-2.258,-83.496,3.113
3423930043883,3423928043883,3423.930043883,3423.928043883,-0.102,0.044,0.999,-0.854,-70.312,2.258
3423941095594,3423939095594,3423.941095594,3423.939095594,-0.116,0.044,1.007,0.0,-55.481,1.77
3423951040441,3423949040441,3423.951040441,3423.949040441,-0.116,0.044,1.007,0.244,-36.316,1.404
3423961021455,3423959021455,3423.961021455,3423.959021455,-0.116,0.044,1.007,0.244,-16.846,0.61
3423971385715,3423969385715,3423.971385715,3423.969385715,-0.116,0.044,1.007,0.061,3.296,-0.183
3423982082762,3423980082762,3423.982082762,3423.980082762,-0.116,0.044,1.007,-0.122,23.01,-0.854
3423992065526,3423990065526,3423.992065526,3423.990065526,-0.116,0.044,1.007,-0.366,41.748,-1.282
3424002103998,3424000103998,3424.002103998,3424.000103998,-0.116,0.044,1.007,0.366,59.937,-1.709
3424012162886,3424010162886,3424.012162886,3424.010162886,-0.116,0.044,1.007,1.404,71.96,-2.258
3424022072442,3424020072442,3424.022072442,3424.020072442,-0.116,0.044,1.007,2.625,81.299,-2.869
3424033033445,3424031033445,3424.033033445,3424.031033445,-0.116,0.044,1.007,3.54,89.417,-3.723
3424042988501,3424040988501,3424.042988501,3424.040988501,-0.116,0.044,1.007,4.272,96.252,-4.7
3424052984098,3424050984098,3424.052984098,3424.050984098,-0.116,0.044,1.007,4.456,99.182,-5.005
3424064034642,3424062034642,3424.064034642,3424.062034642,0.073,0.041,0.964,4.517,99.548,-5.066
3424075354683,3424073354683,3424.075354683,3424.073354683,0.073,0.041,0.964,4.517,97.839,-5.127
3424085124824,3424083124824,3424.085124824,3424.083124824,0.073,0.041,0.964,4.272,93.018,-4.7
